Combined_Key,Population
"Autauga, Alabama, US",55869
"Baldwin, Alabama, US",223234
"Barbour, Alabama, US",24686
"Bibb, Alabama, US",22394
"Blount, Alabama, US",57826
"Bullock, Alabama, US",10101
"Butler, Alabama, US",19448
"Calhoun, Alabama, US",113605
"Chambers, Alabama, US",33254
"Cherokee, Alabama, US",26196
"Chilton, Alabama, US",44428
"Choctaw, Alabama, US",12589
"Clarke, Alabama, US",23622
"Clay, Alabama, US",13235
"Cleburne, Alabama, US",14910
"Coffee, Alabama, US",52342
"Colbert, Alabama, US",55241
"Conecuh, Alabama, US",12067
"Coosa, Alabama, US",10663
"Covington, Alabama, US",37049
"Crenshaw, Alabama, US",13772
"Cullman, Alabama, US",83768
"Dale, Alabama, US",49172
"Dallas, Alabama, US",37196
"DeKalb, Alabama, US",71513
"Elmore, Alabama, US",81209
"Escambia, Alabama, US",36633
"Etowah, Alabama, US",102268
"Fayette, Alabama, US",16302
"Franklin, Alabama, US",31362
"Geneva, Alabama, US",26271
"Greene, Alabama, US",8111
"Hale, Alabama, US",14651
"Henry, Alabama, US",17205
"Houston, Alabama, US",105882
"Jackson, Alabama, US",51626
"Jefferson, Alabama, US",658573
"Lamar, Alabama, US",13805
"Lauderdale, Alabama, US",92729
"Lawrence, Alabama, US",32924
"Lee, Alabama, US",164542
"Limestone, Alabama, US",98915
"Lowndes, Alabama, US",9726
"Macon, Alabama, US",18068
"Madison, Alabama, US",372909
"Marengo, Alabama, US",18863
"Marion, Alabama, US",29709
"Marshall, Alabama, US",96774
"Mobile, Alabama, US",413210
"Monroe, Alabama, US",20733
"Montgomery, Alabama, US",226486
"Morgan, Alabama, US",119679
"Perry, Alabama, US",8923
"Pickens, Alabama, US",19930
"Pike, Alabama, US",33114
"Randolph, Alabama, US",22722
"Russell, Alabama, US",57961
"St. Clair, Alabama, US",89512
"Shelby, Alabama, US",217702
"Sumter, Alabama, US",12427
"Talladega, Alabama, US",79978
"Tallapoosa, Alabama, US",40367
"Tuscaloosa, Alabama, US",209355
"Walker, Alabama, US",63521
"Washington, Alabama, US",16326
"Wilcox, Alabama, US",10373
"Winston, Alabama, US",23629
"Aleutians East, Alaska, US",3337
"Aleutians West, Alaska, US",5634
"Anchorage, Alaska, US",288000
"Bethel, Alaska, US",18386
"Bristol Bay, Alaska, US",836
"Denali, Alaska, US",2097
"Dillingham, Alaska, US",4916
"Fairbanks North Star, Alaska, US",96849
"Haines, Alaska, US",2530
"Hoonah-Angoon, Alaska, US",2148
"Juneau, Alaska, US",31974
"Kenai Peninsula, Alaska, US",58708
"Ketchikan Gateway, Alaska, US",13901
"Kodiak Island, Alaska, US",12998
"Kusilvak, Alaska, US",8314
"LakePeninsula, Alaska, US",1592
"Matanuska-Susitna, Alaska, US",108317
"Nome, Alaska, US",10004
"North Slope, Alaska, US",9832
"Northwest Arctic, Alaska, US",7621
"Petersburg, Alaska, US",3266
"Prince of Wales-Hyder, Alaska, US",6203
"Sitka, Alaska, US",8493
"Skagway, Alaska, US",1183
"Southeast Fairbanks, Alaska, US",6893
"Valdez-Cordova, Alaska, US",9202
"Wrangell, Alaska, US",2502
"Yakutat, Alaska, US",579
"Yukon-Koyukuk, Alaska, US",5230
"Apache, Arizona, US",71887
"Cochise, Arizona, US",125922
"Coconino, Arizona, US",143476
"Gila, Arizona, US",54018
"Graham, Arizona, US",38837
"Greenlee, Arizona, US",9498
"La Paz, Arizona, US",21108
"Maricopa, Arizona, US",4485414
"Mohave, Arizona, US",212181
"Navajo, Arizona, US",110924
"Pima, Arizona, US",1047279
"Pinal, Arizona, US",462789
"Santa Cruz, Arizona, US",46498
"Yavapai, Arizona, US",235099
"Yuma, Arizona, US",213787
"Arkansas, Arkansas, US",17486
"Ashley, Arkansas, US",19657
"Baxter, Arkansas, US",41932
"Benton, Arkansas, US",279141
"Boone, Arkansas, US",37432
"Bradley, Arkansas, US",10763
"Calhoun, Arkansas, US",5189
"Carroll, Arkansas, US",28380
"Chicot, Arkansas, US",10118
"Clark, Arkansas, US",22320
"Clay, Arkansas, US",14551
"Cleburne, Arkansas, US",24919
"Cleveland, Arkansas, US",7956
"Columbia, Arkansas, US",23457
"Conway, Arkansas, US",20846
"Craighead, Arkansas, US",110332
"Crawford, Arkansas, US",63257
"Crittenden, Arkansas, US",47955
"Cross, Arkansas, US",16419
"Dallas, Arkansas, US",7009
"Desha, Arkansas, US",11361
"Drew, Arkansas, US",18219
"Faulkner, Arkansas, US",126007
"Franklin, Arkansas, US",17715
"Fulton, Arkansas, US",12477
"Garland, Arkansas, US",99386
"Grant, Arkansas, US",18265
"Greene, Arkansas, US",45325
"Hempstead, Arkansas, US",21532
"Hot Spring, Arkansas, US",33771
"Howard, Arkansas, US",13202
"Independence, Arkansas, US",37825
"Izard, Arkansas, US",13629
"Jackson, Arkansas, US",16719
"Jefferson, Arkansas, US",66824
"Johnson, Arkansas, US",26578
"Lafayette, Arkansas, US",6624
"Lawrence, Arkansas, US",16406
"Lee, Arkansas, US",8857
"Lincoln, Arkansas, US",13024
"Little River, Arkansas, US",12259
"Logan, Arkansas, US",21466
"Lonoke, Arkansas, US",73309
"Madison, Arkansas, US",16576
"Marion, Arkansas, US",16694
"Miller, Arkansas, US",43257
"Mississippi, Arkansas, US",40651
"Monroe, Arkansas, US",6701
"Montgomery, Arkansas, US",8986
"Nevada, Arkansas, US",8252
"Newton, Arkansas, US",7753
"Ouachita, Arkansas, US",23382
"Perry, Arkansas, US",10455
"Phillips, Arkansas, US",17782
"Pike, Arkansas, US",10718
"Poinsett, Arkansas, US",23528
"Polk, Arkansas, US",19964
"Pope, Arkansas, US",64072
"Prairie, Arkansas, US",8062
"Pulaski, Arkansas, US",391911
"Randolph, Arkansas, US",17958
"St. Francis, Arkansas, US",24994
"Saline, Arkansas, US",122437
"Scott, Arkansas, US",10281
"Searcy, Arkansas, US",7881
"Sebastian, Arkansas, US",127827
"Sevier, Arkansas, US",17007
"Sharp, Arkansas, US",17442
"Stone, Arkansas, US",12506
"Union, Arkansas, US",38682
"Van Buren, Arkansas, US",16545
"Washington, Arkansas, US",239187
"White, Arkansas, US",78753
"Woodruff, Arkansas, US",6320
"Yell, Arkansas, US",21341
"Alameda, California, US",1671329
"Alpine, California, US",1129
"Amador, California, US",39752
"Butte, California, US",219186
"Calaveras, California, US",45905
"Colusa, California, US",21547
"Contra Costa, California, US",1153526
"Del Norte, California, US",27812
"El Dorado, California, US",192843
"Fresno, California, US",999101
"Glenn, California, US",28393
"Humboldt, California, US",135558
"Imperial, California, US",181215
"Inyo, California, US",18039
"Kern, California, US",900202
"Kings, California, US",152940
"Lake, California, US",64386
"Lassen, California, US",30573
"Los Angeles, California, US",10039107
"Madera, California, US",157327
"Marin, California, US",258826
"Mariposa, California, US",17203
"Mendocino, California, US",86749
"Merced, California, US",277680
"Modoc, California, US",8841
"Mono, California, US",14444
"Monterey, California, US",434061
"Napa, California, US",137744
"Nevada, California, US",99755
"Orange, California, US",3175692
"Placer, California, US",398329
"Plumas, California, US",18807
"Riverside, California, US",2470546
"Sacramento, California, US",1552058
"San Benito, California, US",62808
"San Bernardino, California, US",2180085
"San Diego, California, US",3338330
"San Francisco, California, US",881549
"San Joaquin, California, US",762148
"San Luis Obispo, California, US",283111
"San Mateo, California, US",766573
"Santa Barbara, California, US",446499
"Santa Clara, California, US",1927852
"Santa Cruz, California, US",273213
"Shasta, California, US",180080
"Sierra, California, US",3005
"Siskiyou, California, US",43539
"Solano, California, US",447643
"Sonoma, California, US",494336
"Stanislaus, California, US",550660
"Sutter, California, US",96971
"Tehama, California, US",65084
"Trinity, California, US",12285
"Tulare, California, US",466195
"Tuolumne, California, US",54478
"Ventura, California, US",846006
"Yolo, California, US",220500
"Yuba, California, US",78668
"Adams, Colorado, US",517421
"Alamosa, Colorado, US",16233
"Arapahoe, Colorado, US",656590
"Archuleta, Colorado, US",14029
"Baca, Colorado, US",3581
"Bent, Colorado, US",5577
"Boulder, Colorado, US",326196
"Broomfield, Colorado, US",70465
"Chaffee, Colorado, US",20356
"Cheyenne, Colorado, US",1831
"Clear Creek, Colorado, US",9700
"Conejos, Colorado, US",8205
"Costilla, Colorado, US",3887
"Crowley, Colorado, US",6061
"Custer, Colorado, US",5068
"Delta, Colorado, US",31162
"Denver, Colorado, US",727211
"Dolores, Colorado, US",2055
"Douglas, Colorado, US",351154
"Eagle, Colorado, US",55127
"Elbert, Colorado, US",26729
"El Paso, Colorado, US",720403
"Fremont, Colorado, US",47839
"Garfield, Colorado, US",60061
"Gilpin, Colorado, US",6243
"Grand, Colorado, US",15734
"Gunnison, Colorado, US",17462
"Hinsdale, Colorado, US",820
"Huerfano, Colorado, US",6897
"Jackson, Colorado, US",1392
"Jefferson, Colorado, US",582881
"Kiowa, Colorado, US",1406
"Kit Carson, Colorado, US",7097
"Lake, Colorado, US",8127
"La Plata, Colorado, US",56221
"Larimer, Colorado, US",356899
"Las Animas, Colorado, US",14506
"Lincoln, Colorado, US",5701
"Logan, Colorado, US",22409
"Mesa, Colorado, US",154210
"Mineral, Colorado, US",769
"Moffat, Colorado, US",13283
"Montezuma, Colorado, US",26183
"Montrose, Colorado, US",42758
"Morgan, Colorado, US",29068
"Otero, Colorado, US",18278
"Ouray, Colorado, US",4952
"Park, Colorado, US",18845
"Phillips, Colorado, US",4265
"Pitkin, Colorado, US",17767
"Prowers, Colorado, US",12172
"Pueblo, Colorado, US",168424
"Rio Blanco, Colorado, US",6324
"Rio Grande, Colorado, US",11267
"Routt, Colorado, US",25638
"Saguache, Colorado, US",6824
"San Juan, Colorado, US",728
"San Miguel, Colorado, US",8179
"Sedgwick, Colorado, US",2248
"Summit, Colorado, US",31011
"Teller, Colorado, US",25388
"Washington, Colorado, US",4908
"Weld, Colorado, US",324492
"Yuma, Colorado, US",10019
"Fairfield, Connecticut, US",943332
"Hartford, Connecticut, US",891720
"Litchfield, Connecticut, US",180333
"Middlesex, Connecticut, US",162436
"New Haven, Connecticut, US",854757
"New London, Connecticut, US",265206
"Tolland, Connecticut, US",150721
"Windham, Connecticut, US",116782
"Kent, Delaware, US",180786
"New Castle, Delaware, US",558753
"Sussex, Delaware, US",234225
"Alachua, Florida, US",269043
"Baker, Florida, US",29210
"Bay, Florida, US",174705
"Bradford, Florida, US",28201
"Brevard, Florida, US",601942
"Broward, Florida, US",1952778
"Calhoun, Florida, US",14105
"Charlotte, Florida, US",188910
"Citrus, Florida, US",149657
"Clay, Florida, US",219252
"Collier, Florida, US",384902
"Columbia, Florida, US",71686
"DeSoto, Florida, US",38001
"Dixie, Florida, US",16826
"Duval, Florida, US",957755
"Escambia, Florida, US",318316
"Flagler, Florida, US",115081
"Franklin, Florida, US",12125
"Gadsden, Florida, US",45660
"Gilchrist, Florida, US",18582
"Glades, Florida, US",13811
"Gulf, Florida, US",13639
"Hamilton, Florida, US",14428
"Hardee, Florida, US",26937
"Hendry, Florida, US",42022
"Hernando, Florida, US",193920
"Highlands, Florida, US",106221
"Hillsborough, Florida, US",1471968
"Holmes, Florida, US",19617
"Indian River, Florida, US",159923
"Jackson, Florida, US",46414
"Jefferson, Florida, US",14246
"Lafayette, Florida, US",8422
"Lake, Florida, US",367118
"Lee, Florida, US",770577
"Leon, Florida, US",293582
"Levy, Florida, US",41503
"Liberty, Florida, US",8354
"Madison, Florida, US",18493
"Manatee, Florida, US",403253
"Marion, Florida, US",365579
"Martin, Florida, US",161000
"Miami-Dade, Florida, US",2716940
"Monroe, Florida, US",74228
"Nassau, Florida, US",88625
"Okaloosa, Florida, US",210738
"Okeechobee, Florida, US",42168
"Orange, Florida, US",1393452
"Osceola, Florida, US",375751
"Palm Beach, Florida, US",1496770
"Pasco, Florida, US",553947
"Pinellas, Florida, US",974996
"Polk, Florida, US",724777
"Putnam, Florida, US",74521
"St. Johns, Florida, US",264672
"St. Lucie, Florida, US",328297
"Santa Rosa, Florida, US",184313
"Sarasota, Florida, US",433742
"Seminole, Florida, US",471826
"Sumter, Florida, US",132420
"Suwannee, Florida, US",44417
"Taylor, Florida, US",21569
"Union, Florida, US",15237
"Volusia, Florida, US",553284
"Wakulla, Florida, US",33739
"Walton, Florida, US",74071
"Washington, Florida, US",25473
"Appling, Georgia, US",18386
"Atkinson, Georgia, US",8165
"Bacon, Georgia, US",11164
"Baker, Georgia, US",3038
"Baldwin, Georgia, US",44890
"Banks, Georgia, US",19234
"Barrow, Georgia, US",83240
"Bartow, Georgia, US",107738
"Ben Hill, Georgia, US",16700
"Berrien, Georgia, US",19397
"Bibb, Georgia, US",153159
"Bleckley, Georgia, US",12873
"Brantley, Georgia, US",19109
"Brooks, Georgia, US",15457
"Bryan, Georgia, US",39627
"Bulloch, Georgia, US",79608
"Burke, Georgia, US",22383
"Butts, Georgia, US",24936
"Calhoun, Georgia, US",6189
"Camden, Georgia, US",54666
"Candler, Georgia, US",10803
"Carroll, Georgia, US",119992
"Catoosa, Georgia, US",67580
"Charlton, Georgia, US",13392
"Chatham, Georgia, US",289430
"Chattahoochee, Georgia, US",10907
"Chattooga, Georgia, US",24789
"Cherokee, Georgia, US",258773
"Clarke, Georgia, US",128331
"Clay, Georgia, US",2834
"Clayton, Georgia, US",292256
"Clinch, Georgia, US",6618
"Cobb, Georgia, US",760141
"Coffee, Georgia, US",43273
"Colquitt, Georgia, US",45600
"Columbia, Georgia, US",156714
"Cook, Georgia, US",17270
"Coweta, Georgia, US",148509
"Crawford, Georgia, US",12404
"Crisp, Georgia, US",22372
"Dade, Georgia, US",16116
"Dawson, Georgia, US",26108
"Decatur, Georgia, US",26404
"DeKalb, Georgia, US",759297
"Dodge, Georgia, US",20605
"Dooly, Georgia, US",13390
"Dougherty, Georgia, US",87956
"Douglas, Georgia, US",146343
"Early, Georgia, US",10190
"Echols, Georgia, US",4006
"Effingham, Georgia, US",64296
"Elbert, Georgia, US",19194
"Emanuel, Georgia, US",22646
"Evans, Georgia, US",10654
"Fannin, Georgia, US",26188
"Fayette, Georgia, US",114421
"Floyd, Georgia, US",98498
"Forsyth, Georgia, US",244252
"Franklin, Georgia, US",23349
"Fulton, Georgia, US",1063937
"Gilmer, Georgia, US",31369
"Glascock, Georgia, US",2971
"Glynn, Georgia, US",85292
"Gordon, Georgia, US",57963
"Grady, Georgia, US",24633
"Greene, Georgia, US",18324
"Gwinnett, Georgia, US",936250
"Habersham, Georgia, US",45328
"Hall, Georgia, US",204441
"Hancock, Georgia, US",8457
"Haralson, Georgia, US",29792
"Harris, Georgia, US",35236
"Hart, Georgia, US",26205
"Heard, Georgia, US",11923
"Henry, Georgia, US",234561
"Houston, Georgia, US",157863
"Irwin, Georgia, US",9416
"Jackson, Georgia, US",72977
"Jasper, Georgia, US",14219
"Jeff Davis, Georgia, US",15115
"Jefferson, Georgia, US",15362
"Jenkins, Georgia, US",8676
"Johnson, Georgia, US",9643
"Jones, Georgia, US",28735
"Lamar, Georgia, US",19077
"Lanier, Georgia, US",10423
"Laurens, Georgia, US",47546
"Lee, Georgia, US",29992
"Liberty, Georgia, US",61435
"Lincoln, Georgia, US",7921
"Long, Georgia, US",19559
"Lowndes, Georgia, US",117406
"Lumpkin, Georgia, US",33610
"McDuffie, Georgia, US",21312
"McIntosh, Georgia, US",14378
"Macon, Georgia, US",12947
"Madison, Georgia, US",29880
"Marion, Georgia, US",8359
"Meriwether, Georgia, US",21167
"Miller, Georgia, US",5718
"Mitchell, Georgia, US",21863
"Monroe, Georgia, US",27578
"Montgomery, Georgia, US",9172
"Morgan, Georgia, US",19276
"Murray, Georgia, US",40096
"Muscogee, Georgia, US",195769
"Newton, Georgia, US",111744
"Oconee, Georgia, US",40280
"Oglethorpe, Georgia, US",15259
"Paulding, Georgia, US",168667
"Peach, Georgia, US",27546
"Pickens, Georgia, US",32591
"Pierce, Georgia, US",19465
"Pike, Georgia, US",18962
"Polk, Georgia, US",42613
"Pulaski, Georgia, US",11137
"Putnam, Georgia, US",22119
"Quitman, Georgia, US",2299
"Rabun, Georgia, US",17137
"Randolph, Georgia, US",6778
"Richmond, Georgia, US",202518
"Rockdale, Georgia, US",90896
"Schley, Georgia, US",5257
"Screven, Georgia, US",13966
"Seminole, Georgia, US",8090
"Spalding, Georgia, US",66703
"Stephens, Georgia, US",25925
"Stewart, Georgia, US",6621
"Sumter, Georgia, US",29524
"Talbot, Georgia, US",6195
"Taliaferro, Georgia, US",1537
"Tattnall, Georgia, US",25286
"Taylor, Georgia, US",8020
"Telfair, Georgia, US",15860
"Terrell, Georgia, US",8531
"Thomas, Georgia, US",44451
"Tift, Georgia, US",40644
"Toombs, Georgia, US",26830
"Towns, Georgia, US",12037
"Treutlen, Georgia, US",6901
"Troup, Georgia, US",69922
"Turner, Georgia, US",7985
"Twiggs, Georgia, US",8120
"Union, Georgia, US",24511
"Upson, Georgia, US",26320
"Walker, Georgia, US",69761
"Walton, Georgia, US",94593
"Ware, Georgia, US",35734
"Warren, Georgia, US",5254
"Washington, Georgia, US",20374
"Wayne, Georgia, US",29927
"Webster, Georgia, US",2607
"Wheeler, Georgia, US",7855
"White, Georgia, US",30798
"Whitfield, Georgia, US",104628
"Wilcox, Georgia, US",8635
"Wilkes, Georgia, US",9777
"Wilkinson, Georgia, US",8954
"Worth, Georgia, US",20247
"Hawaii, Hawaii, US",201513
"Honolulu, Hawaii, US",974563
"Kalawao, Hawaii, US",86
"Kauai, Hawaii, US",72293
"Maui, Hawaii, US",167417
"Ada, Idaho, US",481587
"Adams, Idaho, US",4294
"Bannock, Idaho, US",87808
"Bear Lake, Idaho, US",6125
"Benewah, Idaho, US",9298
"Bingham, Idaho, US",46811
"Blaine, Idaho, US",23021
"Boise, Idaho, US",7831
"Bonner, Idaho, US",45739
"Bonneville, Idaho, US",119062
"Boundary, Idaho, US",12245
"Butte, Idaho, US",2597
"Camas, Idaho, US",1106
"Canyon, Idaho, US",229849
"Caribou, Idaho, US",7155
"Cassia, Idaho, US",24030
"Clark, Idaho, US",845
"Clearwater, Idaho, US",8756
"Custer, Idaho, US",4315
"Elmore, Idaho, US",27511
"Franklin, Idaho, US",13876
"Fremont, Idaho, US",13099
"Gem, Idaho, US",18112
"Gooding, Idaho, US",15179
"Idaho, Idaho, US",16667
"Jefferson, Idaho, US",29871
"Jerome, Idaho, US",24412
"Kootenai, Idaho, US",165697
"Latah, Idaho, US",40108
"Lemhi, Idaho, US",8027
"Lewis, Idaho, US",3838
"Lincoln, Idaho, US",5366
"Madison, Idaho, US",39907
"Minidoka, Idaho, US",21039
"Nez Perce, Idaho, US",40408
"Oneida, Idaho, US",4531
"Owyhee, Idaho, US",11823
"Payette, Idaho, US",23951
"Power, Idaho, US",7681
"Shoshone, Idaho, US",12882
"Teton, Idaho, US",12142
"Twin Falls, Idaho, US",86878
"Valley, Idaho, US",11392
"Washington, Idaho, US",10194
"Adams, Illinois, US",65435
"Alexander, Illinois, US",5761
"Bond, Illinois, US",16426
"Boone, Illinois, US",53544
"Brown, Illinois, US",6578
"Bureau, Illinois, US",32628
"Calhoun, Illinois, US",4739
"Carroll, Illinois, US",14305
"Cass, Illinois, US",12147
"Champaign, Illinois, US",209689
"Christian, Illinois, US",32304
"Clark, Illinois, US",15441
"Clay, Illinois, US",13184
"Clinton, Illinois, US",37562
"Coles, Illinois, US",50621
"Cook, Illinois, US",5150233
"Crawford, Illinois, US",18667
"Cumberland, Illinois, US",10766
"DeKalb, Illinois, US",104897
"De Witt, Illinois, US",15638
"Douglas, Illinois, US",19465
"DuPage, Illinois, US",922921
"Edgar, Illinois, US",17161
"Edwards, Illinois, US",6395
"Effingham, Illinois, US",34008
"Fayette, Illinois, US",21336
"Ford, Illinois, US",12961
"Franklin, Illinois, US",38469
"Fulton, Illinois, US",34340
"Gallatin, Illinois, US",4828
"Greene, Illinois, US",12969
"Grundy, Illinois, US",51054
"Hamilton, Illinois, US",8116
"Hancock, Illinois, US",17708
"Hardin, Illinois, US",3821
"Henderson, Illinois, US",6646
"Henry, Illinois, US",48913
"Iroquois, Illinois, US",27114
"Jackson, Illinois, US",56750
"Jasper, Illinois, US",9610
"Jefferson, Illinois, US",37684
"Jersey, Illinois, US",21773
"Jo Daviess, Illinois, US",21235
"Johnson, Illinois, US",12417
"Kane, Illinois, US",532403
"Kankakee, Illinois, US",109862
"Kendall, Illinois, US",128990
"Knox, Illinois, US",49699
"Lake, Illinois, US",696535
"LaSalle, Illinois, US",108669
"Lawrence, Illinois, US",15678
"Lee, Illinois, US",34096
"Livingston, Illinois, US",35648
"Logan, Illinois, US",28618
"McDonough, Illinois, US",29682
"McHenry, Illinois, US",307774
"McLean, Illinois, US",171517
"Macon, Illinois, US",104009
"Macoupin, Illinois, US",44926
"Madison, Illinois, US",262966
"Marion, Illinois, US",37205
"Marshall, Illinois, US",11438
"Mason, Illinois, US",13359
"Massac, Illinois, US",13772
"Menard, Illinois, US",12196
"Mercer, Illinois, US",15437
"Monroe, Illinois, US",34637
"Montgomery, Illinois, US",28414
"Morgan, Illinois, US",33658
"Moultrie, Illinois, US",14501
"Ogle, Illinois, US",50643
"Peoria, Illinois, US",179179
"Perry, Illinois, US",20916
"Piatt, Illinois, US",16344
"Pike, Illinois, US",15561
"Pope, Illinois, US",4177
"Pulaski, Illinois, US",5335
"Putnam, Illinois, US",5739
"Randolph, Illinois, US",31782
"Richland, Illinois, US",15513
"Rock Island, Illinois, US",141879
"St. Clair, Illinois, US",259686
"Saline, Illinois, US",23491
"Sangamon, Illinois, US",194672
"Schuyler, Illinois, US",6768
"Scott, Illinois, US",4951
"Shelby, Illinois, US",21634
"Stark, Illinois, US",5342
"Stephenson, Illinois, US",44498
"Tazewell, Illinois, US",131803
"Union, Illinois, US",16653
"Vermilion, Illinois, US",75758
"Wabash, Illinois, US",11520
"Warren, Illinois, US",16844
"Washington, Illinois, US",13887
"Wayne, Illinois, US",16215
"White, Illinois, US",13537
"Whiteside, Illinois, US",55175
"Will, Illinois, US",690743
"Williamson, Illinois, US",66597
"Winnebago, Illinois, US",282572
"Woodford, Illinois, US",38459
"Adams, Indiana, US",35777
"Allen, Indiana, US",379299
"Bartholomew, Indiana, US",83779
"Benton, Indiana, US",8748
"Blackford, Indiana, US",11758
"Boone, Indiana, US",67843
"Brown, Indiana, US",15092
"Carroll, Indiana, US",20257
"Cass, Indiana, US",37689
"Clark, Indiana, US",118302
"Clay, Indiana, US",26225
"Clinton, Indiana, US",32399
"Crawford, Indiana, US",10577
"Daviess, Indiana, US",33351
"Dearborn, Indiana, US",49458
"Decatur, Indiana, US",26559
"DeKalb, Indiana, US",43475
"Delaware, Indiana, US",114135
"Dubois, Indiana, US",42736
"Elkhart, Indiana, US",206341
"Fayette, Indiana, US",23102
"Floyd, Indiana, US",78522
"Fountain, Indiana, US",16346
"Franklin, Indiana, US",22758
"Fulton, Indiana, US",19974
"Gibson, Indiana, US",33659
"Grant, Indiana, US",65769
"Greene, Indiana, US",31922
"Hamilton, Indiana, US",338011
"Hancock, Indiana, US",78168
"Harrison, Indiana, US",40515
"Hendricks, Indiana, US",170311
"Henry, Indiana, US",47972
"Howard, Indiana, US",82544
"Huntington, Indiana, US",36520
"Jackson, Indiana, US",44231
"Jasper, Indiana, US",33562
"Jay, Indiana, US",20436
"Jefferson, Indiana, US",32308
"Jennings, Indiana, US",27735
"Johnson, Indiana, US",158167
"Knox, Indiana, US",36594
"Kosciusko, Indiana, US",79456
"LaGrange, Indiana, US",39614
"Lake, Indiana, US",485493
"LaPorte, Indiana, US",109888
"Lawrence, Indiana, US",45370
"Madison, Indiana, US",129569
"Marion, Indiana, US",964582
"Marshall, Indiana, US",46258
"Martin, Indiana, US",10255
"Miami, Indiana, US",35516
"Monroe, Indiana, US",148431
"Montgomery, Indiana, US",38338
"Morgan, Indiana, US",70489
"Newton, Indiana, US",13984
"Noble, Indiana, US",47744
"Ohio, Indiana, US",5875
"Orange, Indiana, US",19646
"Owen, Indiana, US",20799
"Parke, Indiana, US",16937
"Perry, Indiana, US",19169
"Pike, Indiana, US",12389
"Porter, Indiana, US",170389
"Posey, Indiana, US",25427
"Pulaski, Indiana, US",12353
"Putnam, Indiana, US",37576
"Randolph, Indiana, US",24665
"Ripley, Indiana, US",28324
"Rush, Indiana, US",16581
"St. Joseph, Indiana, US",271826
"Scott, Indiana, US",23873
"Shelby, Indiana, US",44729
"Spencer, Indiana, US",20277
"Starke, Indiana, US",22995
"Steuben, Indiana, US",34594
"Sullivan, Indiana, US",20669
"Switzerland, Indiana, US",10751
"Tippecanoe, Indiana, US",195732
"Tipton, Indiana, US",15148
"Union, Indiana, US",7054
"Vanderburgh, Indiana, US",181451
"Vermillion, Indiana, US",15498
"Vigo, Indiana, US",107038
"Wabash, Indiana, US",30996
"Warren, Indiana, US",8265
"Warrick, Indiana, US",62998
"Washington, Indiana, US",28036
"Wayne, Indiana, US",65884
"Wells, Indiana, US",28296
"White, Indiana, US",24102
"Whitley, Indiana, US",33964
"Adair, Iowa, US",7152
"Adams, Iowa, US",3602
"Allamakee, Iowa, US",13687
"Appanoose, Iowa, US",12426
"Audubon, Iowa, US",5496
"Benton, Iowa, US",25645
"Black Hawk, Iowa, US",131228
"Boone, Iowa, US",26234
"Bremer, Iowa, US",25062
"Buchanan, Iowa, US",21175
"Buena Vista, Iowa, US",19620
"Butler, Iowa, US",14439
"Calhoun, Iowa, US",9668
"Carroll, Iowa, US",20165
"Cass, Iowa, US",12836
"Cedar, Iowa, US",18627
"Cerro Gordo, Iowa, US",42450
"Cherokee, Iowa, US",11235
"Chickasaw, Iowa, US",11933
"Clarke, Iowa, US",9395
"Clay, Iowa, US",16016
"Clayton, Iowa, US",17549
"Clinton, Iowa, US",46429
"Crawford, Iowa, US",16820
"Dallas, Iowa, US",93453
"Davis, Iowa, US",9000
"Decatur, Iowa, US",7870
"Delaware, Iowa, US",17011
"Des Moines, Iowa, US",38967
"Dickinson, Iowa, US",17258
"Dubuque, Iowa, US",97311
"Emmet, Iowa, US",9208
"Fayette, Iowa, US",19650
"Floyd, Iowa, US",15642
"Franklin, Iowa, US",10070
"Fremont, Iowa, US",6960
"Greene, Iowa, US",8888
"Grundy, Iowa, US",12232
"Guthrie, Iowa, US",10689
"Hamilton, Iowa, US",14773
"Hancock, Iowa, US",10630
"Hardin, Iowa, US",16846
"Harrison, Iowa, US",14049
"Henry, Iowa, US",19954
"Howard, Iowa, US",9158
"Humboldt, Iowa, US",9558
"Ida, Iowa, US",6860
"Iowa, Iowa, US",16184
"Jackson, Iowa, US",19439
"Jasper, Iowa, US",37185
"Jefferson, Iowa, US",18295
"Johnson, Iowa, US",151140
"Jones, Iowa, US",20681
"Keokuk, Iowa, US",10246
"Kossuth, Iowa, US",14813
"Lee, Iowa, US",33657
"Linn, Iowa, US",226706
"Louisa, Iowa, US",11035
"Lucas, Iowa, US",8600
"Lyon, Iowa, US",11755
"Madison, Iowa, US",16338
"Mahaska, Iowa, US",22095
"Marion, Iowa, US",33253
"Marshall, Iowa, US",39369
"Mills, Iowa, US",15109
"Mitchell, Iowa, US",10586
"Monona, Iowa, US",8615
"Monroe, Iowa, US",7707
"Montgomery, Iowa, US",9917
"Muscatine, Iowa, US",42664
"O'Brien, Iowa, US",13753
"Osceola, Iowa, US",5958
"Page, Iowa, US",15107
"Palo Alto, Iowa, US",8886
"Plymouth, Iowa, US",25177
"Pocahontas, Iowa, US",6619
"Polk, Iowa, US",490161
"Pottawattamie, Iowa, US",93206
"Poweshiek, Iowa, US",18504
"Ringgold, Iowa, US",4894
"Sac, Iowa, US",9721
"Scott, Iowa, US",172943
"Shelby, Iowa, US",11454
"Sioux, Iowa, US",34855
"Story, Iowa, US",97117
"Tama, Iowa, US",16854
"Taylor, Iowa, US",6121
"Union, Iowa, US",12241
"Van Buren, Iowa, US",7044
"Wapello, Iowa, US",34969
"Warren, Iowa, US",51466
"Washington, Iowa, US",21965
"Wayne, Iowa, US",6441
"Webster, Iowa, US",35904
"Winnebago, Iowa, US",10354
"Winneshiek, Iowa, US",19991
"Woodbury, Iowa, US",103107
"Worth, Iowa, US",7381
"Wright, Iowa, US",12562
"Allen, Kansas, US",12369
"Anderson, Kansas, US",7858
"Atchison, Kansas, US",16073
"Barber, Kansas, US",4427
"Barton, Kansas, US",25779
"Bourbon, Kansas, US",14534
"Brown, Kansas, US",9564
"Butler, Kansas, US",66911
"Chase, Kansas, US",2648
"Chautauqua, Kansas, US",3250
"Cherokee, Kansas, US",19939
"Cheyenne, Kansas, US",2657
"Clark, Kansas, US",1994
"Clay, Kansas, US",8002
"Cloud, Kansas, US",8786
"Coffey, Kansas, US",8179
"Comanche, Kansas, US",1700
"Cowley, Kansas, US",34908
"Crawford, Kansas, US",38818
"Decatur, Kansas, US",2827
"Dickinson, Kansas, US",18466
"Doniphan, Kansas, US",7600
"Douglas, Kansas, US",122259
"Edwards, Kansas, US",2798
"Elk, Kansas, US",2530
"Ellis, Kansas, US",28553
"Ellsworth, Kansas, US",6102
"Finney, Kansas, US",36467
"Ford, Kansas, US",33619
"Franklin, Kansas, US",25544
"Geary, Kansas, US",31670
"Gove, Kansas, US",2636
"Graham, Kansas, US",2482
"Grant, Kansas, US",7150
"Gray, Kansas, US",5988
"Greeley, Kansas, US",1232
"Greenwood, Kansas, US",5982
"Hamilton, Kansas, US",2539
"Harper, Kansas, US",5436
"Harvey, Kansas, US",34429
"Haskell, Kansas, US",3968
"Hodgeman, Kansas, US",1794
"Jackson, Kansas, US",13171
"Jefferson, Kansas, US",19043
"Jewell, Kansas, US",2879
"Johnson, Kansas, US",602401
"Kearny, Kansas, US",3838
"Kingman, Kansas, US",7152
"Kiowa, Kansas, US",2475
"Labette, Kansas, US",19618
"Lane, Kansas, US",1535
"Leavenworth, Kansas, US",81758
"Lincoln, Kansas, US",2962
"Linn, Kansas, US",9703
"Logan, Kansas, US",2794
"Lyon, Kansas, US",33195
"McPherson, Kansas, US",28542
"Marion, Kansas, US",11884
"Marshall, Kansas, US",9707
"Meade, Kansas, US",4033
"Miami, Kansas, US",34237
"Mitchell, Kansas, US",5979
"Montgomery, Kansas, US",31829
"Morris, Kansas, US",5620
"Morton, Kansas, US",2587
"Nemaha, Kansas, US",10231
"Neosho, Kansas, US",16007
"Ness, Kansas, US",2750
"Norton, Kansas, US",5361
"Osage, Kansas, US",15949
"Osborne, Kansas, US",3421
"Ottawa, Kansas, US",5704
"Pawnee, Kansas, US",6414
"Phillips, Kansas, US",5234
"Pottawatomie, Kansas, US",24383
"Pratt, Kansas, US",9164
"Rawlins, Kansas, US",2530
"Reno, Kansas, US",61998
"Republic, Kansas, US",4636
"Rice, Kansas, US",9537
"Riley, Kansas, US",74232
"Rooks, Kansas, US",4920
"Rush, Kansas, US",3036
"Russell, Kansas, US",6856
"Saline, Kansas, US",54224
"Scott, Kansas, US",4823
"Sedgwick, Kansas, US",516042
"Seward, Kansas, US",21428
"Shawnee, Kansas, US",176875
"Sheridan, Kansas, US",2521
"Sherman, Kansas, US",5917
"Smith, Kansas, US",3583
"Stafford, Kansas, US",4156
"Stanton, Kansas, US",2006
"Stevens, Kansas, US",5485
"Sumner, Kansas, US",22836
"Thomas, Kansas, US",7777
"Trego, Kansas, US",2803
"Wabaunsee, Kansas, US",6931
"Wallace, Kansas, US",1518
"Washington, Kansas, US",5406
"Wichita, Kansas, US",2119
"Wilson, Kansas, US",8525
"Woodson, Kansas, US",3138
"Wyandotte, Kansas, US",165429
"Adair, Kentucky, US",19202
"Allen, Kentucky, US",21315
"Anderson, Kentucky, US",22747
"Ballard, Kentucky, US",7888
"Barren, Kentucky, US",44249
"Bath, Kentucky, US",12500
"Bell, Kentucky, US",26032
"Boone, Kentucky, US",133581
"Bourbon, Kentucky, US",19788
"Boyd, Kentucky, US",46718
"Boyle, Kentucky, US",30060
"Bracken, Kentucky, US",8303
"Breathitt, Kentucky, US",12630
"Breckinridge, Kentucky, US",20477
"Bullitt, Kentucky, US",81676
"Butler, Kentucky, US",12879
"Caldwell, Kentucky, US",12747
"Calloway, Kentucky, US",39001
"Campbell, Kentucky, US",93584
"Carlisle, Kentucky, US",4760
"Carroll, Kentucky, US",10631
"Carter, Kentucky, US",26797
"Casey, Kentucky, US",16159
"Christian, Kentucky, US",70461
"Clark, Kentucky, US",36263
"Clay, Kentucky, US",19901
"Clinton, Kentucky, US",10218
"Crittenden, Kentucky, US",8806
"Cumberland, Kentucky, US",6614
"Daviess, Kentucky, US",101511
"Edmonson, Kentucky, US",12150
"Elliott, Kentucky, US",7517
"Estill, Kentucky, US",14106
"Fayette, Kentucky, US",323152
"Fleming, Kentucky, US",14581
"Floyd, Kentucky, US",35589
"Franklin, Kentucky, US",50991
"Fulton, Kentucky, US",5969
"Gallatin, Kentucky, US",8869
"Garrard, Kentucky, US",17666
"Grant, Kentucky, US",25069
"Graves, Kentucky, US",37266
"Grayson, Kentucky, US",26427
"Green, Kentucky, US",10941
"Greenup, Kentucky, US",35098
"Hancock, Kentucky, US",8722
"Hardin, Kentucky, US",110958
"Harlan, Kentucky, US",26010
"Harrison, Kentucky, US",18886
"Hart, Kentucky, US",19035
"Henderson, Kentucky, US",45210
"Henry, Kentucky, US",16126
"Hickman, Kentucky, US",4380
"Hopkins, Kentucky, US",44686
"Jackson, Kentucky, US",13329
"Jefferson, Kentucky, US",766757
"Jessamine, Kentucky, US",54115
"Johnson, Kentucky, US",22188
"Kenton, Kentucky, US",166998
"Knott, Kentucky, US",14806
"Knox, Kentucky, US",31145
"Larue, Kentucky, US",14398
"Laurel, Kentucky, US",60813
"Lawrence, Kentucky, US",15317
"Lee, Kentucky, US",7403
"Leslie, Kentucky, US",9877
"Letcher, Kentucky, US",21553
"Lewis, Kentucky, US",13275
"Lincoln, Kentucky, US",24549
"Livingston, Kentucky, US",9194
"Logan, Kentucky, US",27102
"Lyon, Kentucky, US",8210
"McCracken, Kentucky, US",65418
"McCreary, Kentucky, US",17231
"McLean, Kentucky, US",9207
"Madison, Kentucky, US",92987
"Magoffin, Kentucky, US",12161
"Marion, Kentucky, US",19273
"Marshall, Kentucky, US",31100
"Martin, Kentucky, US",11195
"Mason, Kentucky, US",17070
"Meade, Kentucky, US",28572
"Menifee, Kentucky, US",6489
"Mercer, Kentucky, US",21933
"Metcalfe, Kentucky, US",10071
"Monroe, Kentucky, US",10650
"Montgomery, Kentucky, US",28157
"Morgan, Kentucky, US",13309
"Muhlenberg, Kentucky, US",30622
"Nelson, Kentucky, US",46233
"Nicholas, Kentucky, US",7269
"Ohio, Kentucky, US",23994
"Oldham, Kentucky, US",66799
"Owen, Kentucky, US",10901
"Owsley, Kentucky, US",4415
"Pendleton, Kentucky, US",14590
"Perry, Kentucky, US",25758
"Pike, Kentucky, US",57876
"Powell, Kentucky, US",12359
"Pulaski, Kentucky, US",64979
"Robertson, Kentucky, US",2108
"Rockcastle, Kentucky, US",16695
"Rowan, Kentucky, US",24460
"Russell, Kentucky, US",17923
"Scott, Kentucky, US",57004
"Shelby, Kentucky, US",49024
"Simpson, Kentucky, US",18572
"Spencer, Kentucky, US",19351
"Taylor, Kentucky, US",25769
"Todd, Kentucky, US",12294
"Trigg, Kentucky, US",14651
"Trimble, Kentucky, US",8471
"Union, Kentucky, US",14381
"Warren, Kentucky, US",132896
"Washington, Kentucky, US",12095
"Wayne, Kentucky, US",20333
"Webster, Kentucky, US",12942
"Whitley, Kentucky, US",36264
"Wolfe, Kentucky, US",7157
"Woodford, Kentucky, US",26734
"Acadia, Louisiana, US",62045
"Allen, Louisiana, US",25627
"Ascension, Louisiana, US",126604
"Assumption, Louisiana, US",21891
"Avoyelles, Louisiana, US",40144
"Beauregard, Louisiana, US",37497
"Bienville, Louisiana, US",13241
"Bossier, Louisiana, US",127039
"Caddo, Louisiana, US",240204
"Calcasieu, Louisiana, US",203436
"Caldwell, Louisiana, US",9918
"Cameron, Louisiana, US",6973
"Catahoula, Louisiana, US",9494
"Claiborne, Louisiana, US",15670
"Concordia, Louisiana, US",19259
"De Soto, Louisiana, US",27463
"East Baton Rouge, Louisiana, US",440059
"East Carroll, Louisiana, US",6861
"East Feliciana, Louisiana, US",19135
"Evangeline, Louisiana, US",33395
"Franklin, Louisiana, US",20015
"Grant, Louisiana, US",22389
"Iberia, Louisiana, US",69830
"Iberville, Louisiana, US",32511
"Jackson, Louisiana, US",15744
"Jefferson, Louisiana, US",432493
"Jefferson Davis, Louisiana, US",31368
"Lafayette, Louisiana, US",244390
"Lafourche, Louisiana, US",97614
"LaSalle, Louisiana, US",14892
"Lincoln, Louisiana, US",46742
"Livingston, Louisiana, US",140789
"Madison, Louisiana, US",10951
"Morehouse, Louisiana, US",24874
"Natchitoches, Louisiana, US",38158
"Orleans, Louisiana, US",390144
"Ouachita, Louisiana, US",153279
"Plaquemines, Louisiana, US",23197
"Pointe Coupee, Louisiana, US",21730
"Rapides, Louisiana, US",129648
"Red River, Louisiana, US",8442
"Richland, Louisiana, US",20122
"Sabine, Louisiana, US",23884
"St. Bernard, Louisiana, US",47244
"St. Charles, Louisiana, US",53100
"St. Helena, Louisiana, US",10132
"St. James, Louisiana, US",21096
"St. John the Baptist, Louisiana, US",42837
"St. Landry, Louisiana, US",82124
"St. Martin, Louisiana, US",53431
"St. Mary, Louisiana, US",49348
"St. Tammany, Louisiana, US",260419
"Tangipahoa, Louisiana, US",134758
"Tensas, Louisiana, US",4334
"Terrebonne, Louisiana, US",110461
"Union, Louisiana, US",22108
"Vermilion, Louisiana, US",59511
"Vernon, Louisiana, US",47429
"Washington, Louisiana, US",46194
"Webster, Louisiana, US",38340
"West Baton Rouge, Louisiana, US",26465
"West Carroll, Louisiana, US",10830
"West Feliciana, Louisiana, US",15568
"Winn, Louisiana, US",13904
"Androscoggin, Maine, US",108277
"Aroostook, Maine, US",67055
"Cumberland, Maine, US",295003
"Franklin, Maine, US",30199
"Hancock, Maine, US",54987
"Kennebec, Maine, US",122302
"Knox, Maine, US",39772
"Lincoln, Maine, US",34634
"Oxford, Maine, US",57975
"Penobscot, Maine, US",152148
"Piscataquis, Maine, US",16785
"Sagadahoc, Maine, US",35856
"Somerset, Maine, US",50484
"Waldo, Maine, US",39715
"Washington, Maine, US",31379
"York, Maine, US",207641
"Allegany, Maryland, US",70416
"Anne Arundel, Maryland, US",579234
"Baltimore, Maryland, US",827370
"Calvert, Maryland, US",92525
"Caroline, Maryland, US",33406
"Carroll, Maryland, US",168447
"Cecil, Maryland, US",102855
"Charles, Maryland, US",163257
"Dorchester, Maryland, US",31929
"Frederick, Maryland, US",259547
"Garrett, Maryland, US",29014
"Harford, Maryland, US",255441
"Howard, Maryland, US",325690
"Kent, Maryland, US",19422
"Montgomery, Maryland, US",1050688
"Prince George's, Maryland, US",909327
"Queen Anne's, Maryland, US",50381
"St. Mary's, Maryland, US",113510
"Somerset, Maryland, US",25616
"Talbot, Maryland, US",37181
"Washington, Maryland, US",151049
"Wicomico, Maryland, US",103609
"Worcester, Maryland, US",52276
"Baltimore City, Maryland, US",593490
"Barnstable, Massachusetts, US",212990
"Berkshire, Massachusetts, US",124944
"Bristol, Massachusetts, US",565217
"Dukes and Nantucket, Massachusetts, US",28731
"Essex, Massachusetts, US",789034
"Franklin, Massachusetts, US",70180
"Hampden, Massachusetts, US",466372
"Hampshire, Massachusetts, US",160830
"Middlesex, Massachusetts, US",1611699
"Nantucket, Massachusetts, US",11399
"Norfolk, Massachusetts, US",706775
"Plymouth, Massachusetts, US",521202
"Suffolk, Massachusetts, US",803907
"Worcester, Massachusetts, US",830622
"Alcona, Michigan, US",10405
"Alger, Michigan, US",9108
"Allegan, Michigan, US",118081
"Alpena, Michigan, US",28405
"Antrim, Michigan, US",23324
"Arenac, Michigan, US",14883
"Baraga, Michigan, US",8209
"Barry, Michigan, US",61550
"Bay, Michigan, US",103126
"Benzie, Michigan, US",17766
"Berrien, Michigan, US",153401
"Branch, Michigan, US",43517
"Calhoun, Michigan, US",134159
"Cass, Michigan, US",51787
"Charlevoix, Michigan, US",26143
"Cheboygan, Michigan, US",25276
"Chippewa, Michigan, US",37349
"Clare, Michigan, US",30950
"Clinton, Michigan, US",79595
"Crawford, Michigan, US",14029
"Delta, Michigan, US",35784
"Dickinson, Michigan, US",25239
"Eaton, Michigan, US",110268
"Emmet, Michigan, US",33415
"Genesee, Michigan, US",405813
"Gladwin, Michigan, US",25449
"Gogebic, Michigan, US",13975
"Grand Traverse, Michigan, US",93088
"Gratiot, Michigan, US",40711
"Hillsdale, Michigan, US",45605
"Houghton, Michigan, US",35684
"Huron, Michigan, US",30981
"Ingham, Michigan, US",292406
"Ionia, Michigan, US",64697
"Iosco, Michigan, US",25127
"Iron, Michigan, US",11066
"Isabella, Michigan, US",69872
"Jackson, Michigan, US",158510
"Kalamazoo, Michigan, US",265066
"Kalkaska, Michigan, US",18038
"Kent, Michigan, US",656955
"Keweenaw, Michigan, US",2116
"Lake, Michigan, US",11853
"Lapeer, Michigan, US",87607
"Leelanau, Michigan, US",21761
"Lenawee, Michigan, US",98451
"Livingston, Michigan, US",191995
"Luce, Michigan, US",6229
"Mackinac, Michigan, US",10799
"Macomb, Michigan, US",873972
"Manistee, Michigan, US",24558
"Marquette, Michigan, US",66699
"Mason, Michigan, US",29144
"Mecosta, Michigan, US",43453
"Menominee, Michigan, US",22780
"Midland, Michigan, US",83156
"Missaukee, Michigan, US",15118
"Monroe, Michigan, US",150500
"Montcalm, Michigan, US",63888
"Montmorency, Michigan, US",9328
"Muskegon, Michigan, US",173566
"Newaygo, Michigan, US",48980
"Oakland, Michigan, US",1257584
"Oceana, Michigan, US",26467
"Ogemaw, Michigan, US",20997
"Ontonagon, Michigan, US",5720
"Osceola, Michigan, US",23460
"Oscoda, Michigan, US",8241
"Otsego, Michigan, US",24668
"Ottawa, Michigan, US",291830
"Presque Isle, Michigan, US",12592
"Roscommon, Michigan, US",24019
"Saginaw, Michigan, US",190539
"St. Clair, Michigan, US",159128
"St. Joseph, Michigan, US",60964
"Sanilac, Michigan, US",41170
"Schoolcraft, Michigan, US",8094
"Shiawassee, Michigan, US",68122
"Tuscola, Michigan, US",52245
"Van Buren, Michigan, US",75677
"Washtenaw, Michigan, US",367601
"Wayne, Michigan, US",1749343
"Wexford, Michigan, US",33631
"Aitkin, Minnesota, US",15886
"Anoka, Minnesota, US",356921
"Becker, Minnesota, US",34423
"Beltrami, Minnesota, US",47188
"Benton, Minnesota, US",40889
"Big Stone, Minnesota, US",4991
"Blue Earth, Minnesota, US",67653
"Brown, Minnesota, US",25008
"Carlton, Minnesota, US",35871
"Carver, Minnesota, US",105089
"Cass, Minnesota, US",29779
"Chippewa, Minnesota, US",11800
"Chisago, Minnesota, US",56579
"Clay, Minnesota, US",64222
"Clearwater, Minnesota, US",8818
"Cook, Minnesota, US",5463
"Cottonwood, Minnesota, US",11196
"Crow Wing, Minnesota, US",65055
"Dakota, Minnesota, US",429021
"Dodge, Minnesota, US",20934
"Douglas, Minnesota, US",38141
"Faribault, Minnesota, US",13653
"Fillmore, Minnesota, US",21067
"Freeborn, Minnesota, US",30281
"Goodhue, Minnesota, US",46340
"Grant, Minnesota, US",5972
"Hennepin, Minnesota, US",1265843
"Houston, Minnesota, US",18600
"Hubbard, Minnesota, US",21491
"Isanti, Minnesota, US",40596
"Itasca, Minnesota, US",45130
"Jackson, Minnesota, US",9846
"Kanabec, Minnesota, US",16337
"Kandiyohi, Minnesota, US",43199
"Kittson, Minnesota, US",4298
"Koochiching, Minnesota, US",12229
"Lac qui Parle, Minnesota, US",6623
"Lake, Minnesota, US",10641
"Lake of the Woods, Minnesota, US",3740
"Le Sueur, Minnesota, US",28887
"Lincoln, Minnesota, US",5639
"Lyon, Minnesota, US",25474
"McLeod, Minnesota, US",35893
"Mahnomen, Minnesota, US",5527
"Marshall, Minnesota, US",9336
"Martin, Minnesota, US",19683
"Meeker, Minnesota, US",23222
"Mille Lacs, Minnesota, US",26277
"Morrison, Minnesota, US",33386
"Mower, Minnesota, US",40062
"Murray, Minnesota, US",8194
"Nicollet, Minnesota, US",34274
"Nobles, Minnesota, US",21629
"Norman, Minnesota, US",6375
"Olmsted, Minnesota, US",158293
"Otter Tail, Minnesota, US",58746
"Pennington, Minnesota, US",14119
"Pine, Minnesota, US",29579
"Pipestone, Minnesota, US",9126
"Polk, Minnesota, US",31364
"Pope, Minnesota, US",11249
"Ramsey, Minnesota, US",550321
"Red Lake, Minnesota, US",4055
"Redwood, Minnesota, US",15170
"Renville, Minnesota, US",14548
"Rice, Minnesota, US",66972
"Rock, Minnesota, US",9315
"Roseau, Minnesota, US",15165
"St. Louis, Minnesota, US",199070
"Scott, Minnesota, US",149013
"Sherburne, Minnesota, US",97238
"Sibley, Minnesota, US",14865
"Stearns, Minnesota, US",161075
"Steele, Minnesota, US",36649
"Stevens, Minnesota, US",9805
"Swift, Minnesota, US",9266
"Todd, Minnesota, US",24664
"Traverse, Minnesota, US",3259
"Wabasha, Minnesota, US",21627
"Wadena, Minnesota, US",13682
"Waseca, Minnesota, US",18612
"Washington, Minnesota, US",262440
"Watonwan, Minnesota, US",10897
"Wilkin, Minnesota, US",6207
"Winona, Minnesota, US",50484
"Wright, Minnesota, US",138377
"Yellow Medicine, Minnesota, US",9709
"Adams, Mississippi, US",30693
"Alcorn, Mississippi, US",36953
"Amite, Mississippi, US",12297
"Attala, Mississippi, US",18174
"Benton, Mississippi, US",8259
"Bolivar, Mississippi, US",30628
"Calhoun, Mississippi, US",14361
"Carroll, Mississippi, US",9947
"Chickasaw, Mississippi, US",17103
"Choctaw, Mississippi, US",8210
"Claiborne, Mississippi, US",8988
"Clarke, Mississippi, US",15541
"Clay, Mississippi, US",19316
"Coahoma, Mississippi, US",22124
"Copiah, Mississippi, US",28065
"Covington, Mississippi, US",18636
"DeSoto, Mississippi, US",184945
"Forrest, Mississippi, US",74897
"Franklin, Mississippi, US",7713
"George, Mississippi, US",24500
"Greene, Mississippi, US",13586
"Grenada, Mississippi, US",20758
"Hancock, Mississippi, US",47632
"Harrison, Mississippi, US",208080
"Hinds, Mississippi, US",231840
"Holmes, Mississippi, US",17010
"Humphreys, Mississippi, US",8064
"Issaquena, Mississippi, US",1327
"Itawamba, Mississippi, US",23390
"Jackson, Mississippi, US",143617
"Jasper, Mississippi, US",16383
"Jefferson, Mississippi, US",6990
"Jefferson Davis, Mississippi, US",11128
"Jones, Mississippi, US",68098
"Kemper, Mississippi, US",9742
"Lafayette, Mississippi, US",54019
"Lamar, Mississippi, US",63343
"Lauderdale, Mississippi, US",74125
"Lawrence, Mississippi, US",12586
"Leake, Mississippi, US",22786
"Lee, Mississippi, US",85436
"Leflore, Mississippi, US",28183
"Lincoln, Mississippi, US",34153
"Lowndes, Mississippi, US",58595
"Madison, Mississippi, US",106272
"Marion, Mississippi, US",24573
"Marshall, Mississippi, US",35294
"Monroe, Mississippi, US",35252
"Montgomery, Mississippi, US",9775
"Neshoba, Mississippi, US",29118
"Newton, Mississippi, US",21018
"Noxubee, Mississippi, US",10417
"Oktibbeha, Mississippi, US",49587
"Panola, Mississippi, US",34192
"Pearl River, Mississippi, US",55535
"Perry, Mississippi, US",11973
"Pike, Mississippi, US",39288
"Pontotoc, Mississippi, US",32174
"Prentiss, Mississippi, US",25126
"Quitman, Mississippi, US",6792
"Rankin, Mississippi, US",155271
"Scott, Mississippi, US",28124
"Sharkey, Mississippi, US",4321
"Simpson, Mississippi, US",26658
"Smith, Mississippi, US",15916
"Stone, Mississippi, US",18336
"Sunflower, Mississippi, US",25110
"Tallahatchie, Mississippi, US",13809
"Tate, Mississippi, US",28321
"Tippah, Mississippi, US",22015
"Tishomingo, Mississippi, US",19383
"Tunica, Mississippi, US",9632
"Union, Mississippi, US",28815
"Walthall, Mississippi, US",14286
"Warren, Mississippi, US",45381
"Washington, Mississippi, US",43909
"Wayne, Mississippi, US",20183
"Webster, Mississippi, US",9689
"Wilkinson, Mississippi, US",8630
"Winston, Mississippi, US",17955
"Yalobusha, Mississippi, US",12108
"Yazoo, Mississippi, US",29690
"Adair, Missouri, US",25343
"Andrew, Missouri, US",17712
"Atchison, Missouri, US",5143
"Audrain, Missouri, US",25388
"Barry, Missouri, US",35789
"Barton, Missouri, US",11754
"Bates, Missouri, US",16172
"Benton, Missouri, US",19443
"Bollinger, Missouri, US",12133
"Boone, Missouri, US",180463
"Buchanan, Missouri, US",87364
"Butler, Missouri, US",42478
"Caldwell, Missouri, US",9020
"Callaway, Missouri, US",44743
"Camden, Missouri, US",46305
"Cape Girardeau, Missouri, US",78871
"Carroll, Missouri, US",8679
"Carter, Missouri, US",5982
"Cass, Missouri, US",105780
"Cedar, Missouri, US",14349
"Chariton, Missouri, US",7426
"Christian, Missouri, US",88595
"Clark, Missouri, US",6797
"Clay, Missouri, US",249948
"Clinton, Missouri, US",20387
"Cole, Missouri, US",76745
"Cooper, Missouri, US",17709
"Crawford, Missouri, US",23920
"Dade, Missouri, US",7561
"Dallas, Missouri, US",16878
"Daviess, Missouri, US",8278
"DeKalb, Missouri, US",12547
"Dent, Missouri, US",15573
"Douglas, Missouri, US",13185
"Dunklin, Missouri, US",29131
"Franklin, Missouri, US",103967
"Gasconade, Missouri, US",14706
"Gentry, Missouri, US",6571
"Greene, Missouri, US",293086
"Grundy, Missouri, US",9850
"Harrison, Missouri, US",8352
"Henry, Missouri, US",21824
"Hickory, Missouri, US",9544
"Holt, Missouri, US",4403
"Howard, Missouri, US",10001
"Howell, Missouri, US",40117
"Iron, Missouri, US",10125
"Jackson, Missouri, US",703011
"Jasper, Missouri, US",121328
"Jefferson, Missouri, US",225081
"Johnson, Missouri, US",54062
"Knox, Missouri, US",3959
"Laclede, Missouri, US",35723
"Lafayette, Missouri, US",32708
"Lawrence, Missouri, US",38355
"Lewis, Missouri, US",9776
"Lincoln, Missouri, US",59013
"Linn, Missouri, US",11920
"Livingston, Missouri, US",15227
"McDonald, Missouri, US",22837
"Macon, Missouri, US",15117
"Madison, Missouri, US",12088
"Maries, Missouri, US",8697
"Marion, Missouri, US",28530
"Mercer, Missouri, US",3617
"Miller, Missouri, US",25619
"Mississippi, Missouri, US",13180
"Moniteau, Missouri, US",16132
"Monroe, Missouri, US",8644
"Montgomery, Missouri, US",11551
"Morgan, Missouri, US",20627
"New Madrid, Missouri, US",17076
"Newton, Missouri, US",58236
"Nodaway, Missouri, US",22092
"Oregon, Missouri, US",10529
"Osage, Missouri, US",13615
"Ozark, Missouri, US",9174
"Pemiscot, Missouri, US",15805
"Perry, Missouri, US",19136
"Pettis, Missouri, US",42339
"Phelps, Missouri, US",44573
"Pike, Missouri, US",18302
"Platte, Missouri, US",104418
"Polk, Missouri, US",32149
"Pulaski, Missouri, US",52607
"Putnam, Missouri, US",4696
"Ralls, Missouri, US",10309
"Randolph, Missouri, US",24748
"Ray, Missouri, US",23018
"Reynolds, Missouri, US",6270
"Ripley, Missouri, US",13288
"St. Charles, Missouri, US",402022
"St. Clair, Missouri, US",9397
"Ste. Genevieve, Missouri, US",17894
"St. Francois, Missouri, US",67215
"St. Louis, Missouri, US",994205
"Saline, Missouri, US",22761
"Schuyler, Missouri, US",4660
"Scotland, Missouri, US",4902
"Scott, Missouri, US",38280
"Shannon, Missouri, US",8166
"Shelby, Missouri, US",5930
"Stoddard, Missouri, US",29025
"Stone, Missouri, US",31952
"Sullivan, Missouri, US",6089
"Taney, Missouri, US",55928
"Texas, Missouri, US",25398
"Vernon, Missouri, US",20563
"Warren, Missouri, US",35649
"Washington, Missouri, US",24730
"Wayne, Missouri, US",12873
"Webster, Missouri, US",39592
"Worth, Missouri, US",2013
"Wright, Missouri, US",18289
"St. Louis City, Missouri, US",300576
"Beaverhead, Montana, US",9453
"Big Horn, Montana, US",13319
"Blaine, Montana, US",6681
"Broadwater, Montana, US",6237
"Carbon, Montana, US",10725
"Carter, Montana, US",1252
"Cascade, Montana, US",81366
"Chouteau, Montana, US",5635
"Custer, Montana, US",11402
"Daniels, Montana, US",1690
"Dawson, Montana, US",8613
"Deer Lodge, Montana, US",9140
"Fallon, Montana, US",2846
"Fergus, Montana, US",11050
"Flathead, Montana, US",103806
"Gallatin, Montana, US",114434
"Garfield, Montana, US",1258
"Glacier, Montana, US",13753
"Golden Valley, Montana, US",821
"Granite, Montana, US",3379
"Hill, Montana, US",16484
"Jefferson, Montana, US",12221
"Judith Basin, Montana, US",2007
"Lake, Montana, US",30458
"Lewis and Clark, Montana, US",69432
"Liberty, Montana, US",2337
"Lincoln, Montana, US",19980
"McCone, Montana, US",1664
"Madison, Montana, US",8600
"Meagher, Montana, US",1862
"Mineral, Montana, US",4397
"Missoula, Montana, US",119600
"Musselshell, Montana, US",4633
"Park, Montana, US",16606
"Petroleum, Montana, US",487
"Phillips, Montana, US",3954
"Pondera, Montana, US",5911
"Powder River, Montana, US",1682
"Powell, Montana, US",6890
"Prairie, Montana, US",1077
"Ravalli, Montana, US",43806
"Richland, Montana, US",10803
"Roosevelt, Montana, US",11004
"Rosebud, Montana, US",8937
"Sanders, Montana, US",12113
"Sheridan, Montana, US",3309
"Silver Bow, Montana, US",34915
"Stillwater, Montana, US",9642
"Sweet Grass, Montana, US",3737
"Teton, Montana, US",6147
"Toole, Montana, US",4736
"Treasure, Montana, US",696
"Valley, Montana, US",7396
"Wheatland, Montana, US",2126
"Wibaux, Montana, US",969
"Yellowstone, Montana, US",161300
"Adams, Nebraska, US",31363
"Antelope, Nebraska, US",6298
"Arthur, Nebraska, US",463
"Banner, Nebraska, US",745
"Blaine, Nebraska, US",465
"Boone, Nebraska, US",5192
"Box Butte, Nebraska, US",10783
"Boyd, Nebraska, US",1919
"Brown, Nebraska, US",2955
"Buffalo, Nebraska, US",49659
"Burt, Nebraska, US",6459
"Butler, Nebraska, US",8016
"Cass, Nebraska, US",26248
"Cedar, Nebraska, US",8402
"Chase, Nebraska, US",3924
"Cherry, Nebraska, US",5689
"Cheyenne, Nebraska, US",8910
"Clay, Nebraska, US",6203
"Colfax, Nebraska, US",10709
"Cuming, Nebraska, US",8846
"Custer, Nebraska, US",10777
"Dakota, Nebraska, US",20026
"Dawes, Nebraska, US",8589
"Dawson, Nebraska, US",23595
"Deuel, Nebraska, US",1794
"Dixon, Nebraska, US",5636
"Dodge, Nebraska, US",36565
"Douglas, Nebraska, US",571327
"Dundy, Nebraska, US",1693
"Fillmore, Nebraska, US",5462
"Franklin, Nebraska, US",2979
"Frontier, Nebraska, US",2627
"Furnas, Nebraska, US",4676
"Gage, Nebraska, US",21513
"Garden, Nebraska, US",1837
"Garfield, Nebraska, US",1969
"Gosper, Nebraska, US",1990
"Grant, Nebraska, US",623
"Greeley, Nebraska, US",2356
"Hall, Nebraska, US",61353
"Hamilton, Nebraska, US",9324
"Harlan, Nebraska, US",3380
"Hayes, Nebraska, US",922
"Hitchcock, Nebraska, US",2762
"Holt, Nebraska, US",10067
"Hooker, Nebraska, US",682
"Howard, Nebraska, US",6445
"Jefferson, Nebraska, US",7046
"Johnson, Nebraska, US",5071
"Kearney, Nebraska, US",6495
"Keith, Nebraska, US",8034
"Keya Paha, Nebraska, US",806
"Kimball, Nebraska, US",3632
"Knox, Nebraska, US",8332
"Lancaster, Nebraska, US",319090
"Lincoln, Nebraska, US",34914
"Logan, Nebraska, US",748
"Loup, Nebraska, US",664
"McPherson, Nebraska, US",494
"Madison, Nebraska, US",35099
"Merrick, Nebraska, US",7755
"Morrill, Nebraska, US",4642
"Nance, Nebraska, US",3519
"Nemaha, Nebraska, US",6972
"Nuckolls, Nebraska, US",4148
"Otoe, Nebraska, US",16012
"Pawnee, Nebraska, US",2613
"Perkins, Nebraska, US",2891
"Phelps, Nebraska, US",9034
"Pierce, Nebraska, US",7148
"Platte, Nebraska, US",33470
"Polk, Nebraska, US",5213
"Red Willow, Nebraska, US",10724
"Richardson, Nebraska, US",7865
"Rock, Nebraska, US",1357
"Saline, Nebraska, US",14224
"Sarpy, Nebraska, US",187196
"Saunders, Nebraska, US",21578
"Scotts Bluff, Nebraska, US",35618
"Seward, Nebraska, US",17284
"Sheridan, Nebraska, US",5246
"Sherman, Nebraska, US",3001
"Sioux, Nebraska, US",1166
"Stanton, Nebraska, US",5920
"Thayer, Nebraska, US",5003
"Thomas, Nebraska, US",722
"Thurston, Nebraska, US",7224
"Valley, Nebraska, US",4158
"Washington, Nebraska, US",20729
"Wayne, Nebraska, US",9385
"Webster, Nebraska, US",3487
"Wheeler, Nebraska, US",783
"York, Nebraska, US",13679
"Churchill, Nevada, US",24909
"Clark, Nevada, US",2266715
"Douglas, Nevada, US",48905
"Elko, Nevada, US",52778
"Esmeralda, Nevada, US",873
"Eureka, Nevada, US",2029
"Humboldt, Nevada, US",16831
"Lander, Nevada, US",5532
"Lincoln, Nevada, US",5183
"Lyon, Nevada, US",57510
"Mineral, Nevada, US",4505
"Nye, Nevada, US",46523
"Pershing, Nevada, US",6725
"Storey, Nevada, US",4123
"Washoe, Nevada, US",471519
"White Pine, Nevada, US",9580
"Carson City, Nevada, US",55916
"Belknap, New Hampshire, US",61303
"Carroll, New Hampshire, US",48910
"Cheshire, New Hampshire, US",76085
"Coos, New Hampshire, US",31563
"Grafton, New Hampshire, US",89886
"Hillsborough, New Hampshire, US",417025
"Merrimack, New Hampshire, US",151391
"Rockingham, New Hampshire, US",309769
"Strafford, New Hampshire, US",130633
"Sullivan, New Hampshire, US",43146
"Atlantic, New Jersey, US",263670
"Bergen, New Jersey, US",932202
"Burlington, New Jersey, US",445349
"Camden, New Jersey, US",506471
"Cape May, New Jersey, US",92039
"Cumberland, New Jersey, US",149527
"Essex, New Jersey, US",798975
"Gloucester, New Jersey, US",291636
"Hudson, New Jersey, US",672391
"Hunterdon, New Jersey, US",124371
"Mercer, New Jersey, US",367430
"Middlesex, New Jersey, US",825062
"Monmouth, New Jersey, US",618795
"Morris, New Jersey, US",491845
"Ocean, New Jersey, US",607186
"Passaic, New Jersey, US",501826
"Salem, New Jersey, US",62385
"Somerset, New Jersey, US",328934
"Sussex, New Jersey, US",140488
"Union, New Jersey, US",556341
"Warren, New Jersey, US",105267
"Bernalillo, New Mexico, US",679121
"Catron, New Mexico, US",3527
"Chaves, New Mexico, US",64615
"Cibola, New Mexico, US",26675
"Colfax, New Mexico, US",11941
"Curry, New Mexico, US",48954
"De Baca, New Mexico, US",1748
"Dona Ana, New Mexico, US",218195
"Eddy, New Mexico, US",58460
"Grant, New Mexico, US",26998
"Guadalupe, New Mexico, US",4300
"Harding, New Mexico, US",625
"Hidalgo, New Mexico, US",4198
"Lea, New Mexico, US",71070
"Lincoln, New Mexico, US",19572
"Los Alamos, New Mexico, US",19369
"Luna, New Mexico, US",23709
"McKinley, New Mexico, US",71367
"Mora, New Mexico, US",4521
"Otero, New Mexico, US",67490
"Quay, New Mexico, US",8253
"Rio Arriba, New Mexico, US",38921
"Roosevelt, New Mexico, US",18500
"Sandoval, New Mexico, US",146748
"San Juan, New Mexico, US",123958
"San Miguel, New Mexico, US",27277
"Santa Fe, New Mexico, US",150358
"Sierra, New Mexico, US",10791
"Socorro, New Mexico, US",16637
"Taos, New Mexico, US",32723
"Torrance, New Mexico, US",15461
"Union, New Mexico, US",4059
"Valencia, New Mexico, US",76688
"Albany, New York, US",305506
"Allegany, New York, US",46091
"Bronx, New York, US",1418207
"Broome, New York, US",190488
"Cattaraugus, New York, US",76117
"Cayuga, New York, US",76576
"Chautauqua, New York, US",126903
"Chemung, New York, US",83456
"Chenango, New York, US",47207
"Clinton, New York, US",80485
"Columbia, New York, US",59461
"Cortland, New York, US",47581
"Delaware, New York, US",44135
"Dutchess, New York, US",294218
"Erie, New York, US",918702
"Essex, New York, US",36885
"Franklin, New York, US",50022
"Fulton, New York, US",53383
"Genesee, New York, US",57280
"Greene, New York, US",47188
"Hamilton, New York, US",4416
"Herkimer, New York, US",61319
"Jefferson, New York, US",109834
"Kings, New York, US",2559903
"Lewis, New York, US",26296
"Livingston, New York, US",62914
"Madison, New York, US",70941
"Monroe, New York, US",741770
"Montgomery, New York, US",49221
"Nassau, New York, US",1356924
"New York City, New York, US",1628706
"Niagara, New York, US",209281
"Oneida, New York, US",228671
"Onondaga, New York, US",460528
"Ontario, New York, US",109777
"Orange, New York, US",384940
"Orleans, New York, US",40352
"Oswego, New York, US",117124
"Otsego, New York, US",59493
"Putnam, New York, US",98320
"Queens, New York, US",2253858
"Rensselaer, New York, US",158714
"Richmond, New York, US",476143
"Rockland, New York, US",325789
"St. Lawrence, New York, US",107740
"Saratoga, New York, US",229863
"Schenectady, New York, US",155299
"Schoharie, New York, US",30999
"Schuyler, New York, US",17807
"Seneca, New York, US",34016
"Steuben, New York, US",95379
"Suffolk, New York, US",1476601
"Sullivan, New York, US",75432
"Tioga, New York, US",48203
"Tompkins, New York, US",102180
"Ulster, New York, US",177573
"Warren, New York, US",63944
"Washington, New York, US",61204
"Wayne, New York, US",89918
"Westchester, New York, US",967506
"Wyoming, New York, US",39859
"Yates, New York, US",24913
"Alamance, North Carolina, US",169509
"Alexander, North Carolina, US",37497
"Alleghany, North Carolina, US",11137
"Anson, North Carolina, US",24446
"Ashe, North Carolina, US",27203
"Avery, North Carolina, US",17557
"Beaufort, North Carolina, US",46994
"Bertie, North Carolina, US",18947
"Bladen, North Carolina, US",32722
"Brunswick, North Carolina, US",142820
"Buncombe, North Carolina, US",261191
"Burke, North Carolina, US",90485
"Cabarrus, North Carolina, US",216453
"Caldwell, North Carolina, US",82178
"Camden, North Carolina, US",10867
"Carteret, North Carolina, US",69473
"Caswell, North Carolina, US",22604
"Catawba, North Carolina, US",159551
"Chatham, North Carolina, US",74470
"Cherokee, North Carolina, US",28612
"Chowan, North Carolina, US",13943
"Clay, North Carolina, US",11231
"Cleveland, North Carolina, US",97947
"Columbus, North Carolina, US",55508
"Craven, North Carolina, US",102139
"Cumberland, North Carolina, US",335509
"Currituck, North Carolina, US",27763
"Dare, North Carolina, US",37009
"Davidson, North Carolina, US",167609
"Davie, North Carolina, US",42846
"Duplin, North Carolina, US",58741
"Durham, North Carolina, US",321488
"Edgecombe, North Carolina, US",51472
"Forsyth, North Carolina, US",382295
"Franklin, North Carolina, US",69685
"Gaston, North Carolina, US",224529
"Gates, North Carolina, US",11562
"Graham, North Carolina, US",8441
"Granville, North Carolina, US",60443
"Greene, North Carolina, US",21069
"Guilford, North Carolina, US",537174
"Halifax, North Carolina, US",50010
"Harnett, North Carolina, US",135976
"Haywood, North Carolina, US",62317
"Henderson, North Carolina, US",117417
"Hertford, North Carolina, US",23677
"Hoke, North Carolina, US",55234
"Hyde, North Carolina, US",4937
"Iredell, North Carolina, US",181806
"Jackson, North Carolina, US",43938
"Johnston, North Carolina, US",209339
"Jones, North Carolina, US",9419
"Lee, North Carolina, US",61779
"Lenoir, North Carolina, US",55949
"Lincoln, North Carolina, US",86111
"McDowell, North Carolina, US",45756
"Macon, North Carolina, US",35858
"Madison, North Carolina, US",21755
"Martin, North Carolina, US",22440
"Mecklenburg, North Carolina, US",1110356
"Mitchell, North Carolina, US",14964
"Montgomery, North Carolina, US",27173
"Moore, North Carolina, US",100880
"Nash, North Carolina, US",94298
"New Hanover, North Carolina, US",234473
"Northampton, North Carolina, US",19483
"Onslow, North Carolina, US",197938
"Orange, North Carolina, US",148476
"Pamlico, North Carolina, US",12726
"Pasquotank, North Carolina, US",39824
"Pender, North Carolina, US",63060
"Perquimans, North Carolina, US",13463
"Person, North Carolina, US",39490
"Pitt, North Carolina, US",180742
"Polk, North Carolina, US",20724
"Randolph, North Carolina, US",143667
"Richmond, North Carolina, US",44829
"Robeson, North Carolina, US",130625
"Rockingham, North Carolina, US",91010
"Rowan, North Carolina, US",142088
"Rutherford, North Carolina, US",67029
"Sampson, North Carolina, US",63531
"Scotland, North Carolina, US",34823
"Stanly, North Carolina, US",62806
"Stokes, North Carolina, US",45591
"Surry, North Carolina, US",71783
"Swain, North Carolina, US",14271
"Transylvania, North Carolina, US",34385
"Tyrrell, North Carolina, US",4016
"Union, North Carolina, US",239859
"Vance, North Carolina, US",44535
"Wake, North Carolina, US",1111761
"Warren, North Carolina, US",19731
"Washington, North Carolina, US",11580
"Watauga, North Carolina, US",56177
"Wayne, North Carolina, US",123131
"Wilkes, North Carolina, US",68412
"Wilson, North Carolina, US",81801
"Yadkin, North Carolina, US",37667
"Yancey, North Carolina, US",18069
"Adams, North Dakota, US",2216
"Barnes, North Dakota, US",10415
"Benson, North Dakota, US",6832
"Billings, North Dakota, US",928
"Bottineau, North Dakota, US",6282
"Bowman, North Dakota, US",3024
"Burke, North Dakota, US",2115
"Burleigh, North Dakota, US",95626
"Cass, North Dakota, US",181923
"Cavalier, North Dakota, US",3762
"Dickey, North Dakota, US",4872
"Divide, North Dakota, US",2264
"Dunn, North Dakota, US",4424
"Eddy, North Dakota, US",2287
"Emmons, North Dakota, US",3241
"Foster, North Dakota, US",3210
"Golden Valley, North Dakota, US",1761
"Grand Forks, North Dakota, US",69451
"Grant, North Dakota, US",2274
"Griggs, North Dakota, US",2231
"Hettinger, North Dakota, US",2499
"Kidder, North Dakota, US",2480
"LaMoure, North Dakota, US",4046
"Logan, North Dakota, US",1850
"McHenry, North Dakota, US",5745
"McIntosh, North Dakota, US",2497
"McKenzie, North Dakota, US",15024
"McLean, North Dakota, US",9450
"Mercer, North Dakota, US",8187
"Morton, North Dakota, US",31364
"Mountrail, North Dakota, US",10545
"Nelson, North Dakota, US",2879
"Oliver, North Dakota, US",1959
"Pembina, North Dakota, US",6801
"Pierce, North Dakota, US",3975
"Ramsey, North Dakota, US",11519
"Ransom, North Dakota, US",5218
"Renville, North Dakota, US",2327
"Richland, North Dakota, US",16177
"Rolette, North Dakota, US",14176
"Sargent, North Dakota, US",3898
"Sheridan, North Dakota, US",1315
"Sioux, North Dakota, US",4230
"Slope, North Dakota, US",750
"Stark, North Dakota, US",31489
"Steele, North Dakota, US",1890
"Stutsman, North Dakota, US",20704
"Towner, North Dakota, US",2189
"Traill, North Dakota, US",8036
"Walsh, North Dakota, US",10641
"Ward, North Dakota, US",67641
"Wells, North Dakota, US",3834
"Williams, North Dakota, US",37589
"Adams, Ohio, US",27698
"Allen, Ohio, US",102351
"Ashland, Ohio, US",53484
"Ashtabula, Ohio, US",97241
"Athens, Ohio, US",65327
"Auglaize, Ohio, US",45656
"Belmont, Ohio, US",67006
"Brown, Ohio, US",43432
"Butler, Ohio, US",383134
"Carroll, Ohio, US",26914
"Champaign, Ohio, US",38885
"Clark, Ohio, US",134083
"Clermont, Ohio, US",206428
"Clinton, Ohio, US",41968
"Columbiana, Ohio, US",101883
"Coshocton, Ohio, US",36600
"Crawford, Ohio, US",41494
"Cuyahoga, Ohio, US",1235072
"Darke, Ohio, US",51113
"Defiance, Ohio, US",38087
"Delaware, Ohio, US",209177
"Erie, Ohio, US",74266
"Fairfield, Ohio, US",157574
"Fayette, Ohio, US",28525
"Franklin, Ohio, US",1316756
"Fulton, Ohio, US",42126
"Gallia, Ohio, US",29898
"Geauga, Ohio, US",93649
"Greene, Ohio, US",168937
"Guernsey, Ohio, US",38875
"Hamilton, Ohio, US",817473
"Hancock, Ohio, US",75783
"Hardin, Ohio, US",31365
"Harrison, Ohio, US",15040
"Henry, Ohio, US",27006
"Highland, Ohio, US",43161
"Hocking, Ohio, US",28264
"Holmes, Ohio, US",43960
"Huron, Ohio, US",58266
"Jackson, Ohio, US",32413
"Jefferson, Ohio, US",65325
"Knox, Ohio, US",62322
"Lake, Ohio, US",230149
"Lawrence, Ohio, US",59463
"Licking, Ohio, US",176862
"Logan, Ohio, US",45672
"Lorain, Ohio, US",309833
"Lucas, Ohio, US",428348
"Madison, Ohio, US",44731
"Mahoning, Ohio, US",228683
"Marion, Ohio, US",65093
"Medina, Ohio, US",179746
"Meigs, Ohio, US",22907
"Mercer, Ohio, US",41172
"Miami, Ohio, US",106987
"Monroe, Ohio, US",13654
"Montgomery, Ohio, US",531687
"Morgan, Ohio, US",14508
"Morrow, Ohio, US",35328
"Muskingum, Ohio, US",86215
"Noble, Ohio, US",14424
"Ottawa, Ohio, US",40525
"Paulding, Ohio, US",18672
"Perry, Ohio, US",36134
"Pickaway, Ohio, US",58457
"Pike, Ohio, US",27772
"Portage, Ohio, US",162466
"Preble, Ohio, US",40882
"Putnam, Ohio, US",33861
"Richland, Ohio, US",121154
"Ross, Ohio, US",76666
"Sandusky, Ohio, US",58518
"Scioto, Ohio, US",75314
"Seneca, Ohio, US",55178
"Shelby, Ohio, US",48590
"Stark, Ohio, US",370606
"Summit, Ohio, US",541013
"Trumbull, Ohio, US",197974
"Tuscarawas, Ohio, US",91987
"Union, Ohio, US",58988
"Van Wert, Ohio, US",28275
"Vinton, Ohio, US",13085
"Warren, Ohio, US",234602
"Washington, Ohio, US",59911
"Wayne, Ohio, US",115710
"Williams, Ohio, US",36692
"Wood, Ohio, US",130817
"Wyandot, Ohio, US",21772
"Adair, Oklahoma, US",22194
"Alfalfa, Oklahoma, US",5702
"Atoka, Oklahoma, US",13758
"Beaver, Oklahoma, US",5311
"Beckham, Oklahoma, US",21859
"Blaine, Oklahoma, US",9429
"Bryan, Oklahoma, US",47995
"Caddo, Oklahoma, US",28762
"Canadian, Oklahoma, US",148306
"Carter, Oklahoma, US",48111
"Cherokee, Oklahoma, US",48657
"Choctaw, Oklahoma, US",14672
"Cimarron, Oklahoma, US",2137
"Cleveland, Oklahoma, US",284014
"Coal, Oklahoma, US",5495
"Comanche, Oklahoma, US",120749
"Cotton, Oklahoma, US",5666
"Craig, Oklahoma, US",14142
"Creek, Oklahoma, US",71522
"Custer, Oklahoma, US",29003
"Delaware, Oklahoma, US",43009
"Dewey, Oklahoma, US",4891
"Ellis, Oklahoma, US",3859
"Garfield, Oklahoma, US",61056
"Garvin, Oklahoma, US",27711
"Grady, Oklahoma, US",55834
"Grant, Oklahoma, US",4333
"Greer, Oklahoma, US",5712
"Harmon, Oklahoma, US",2653
"Harper, Oklahoma, US",3688
"Haskell, Oklahoma, US",12627
"Hughes, Oklahoma, US",13279
"Jackson, Oklahoma, US",24530
"Jefferson, Oklahoma, US",6002
"Johnston, Oklahoma, US",11085
"Kay, Oklahoma, US",43538
"Kingfisher, Oklahoma, US",15765
"Kiowa, Oklahoma, US",8708
"Latimer, Oklahoma, US",10073
"Le Flore, Oklahoma, US",49853
"Lincoln, Oklahoma, US",34877
"Logan, Oklahoma, US",48011
"Love, Oklahoma, US",10253
"McClain, Oklahoma, US",40474
"McCurtain, Oklahoma, US",32832
"McIntosh, Oklahoma, US",19596
"Major, Oklahoma, US",7629
"Marshall, Oklahoma, US",16931
"Mayes, Oklahoma, US",41100
"Murray, Oklahoma, US",14073
"Muskogee, Oklahoma, US",67997
"Noble, Oklahoma, US",11131
"Nowata, Oklahoma, US",10076
"Okfuskee, Oklahoma, US",11993
"Oklahoma, Oklahoma, US",797434
"Okmulgee, Oklahoma, US",38465
"Osage, Oklahoma, US",46963
"Ottawa, Oklahoma, US",31127
"Pawnee, Oklahoma, US",16376
"Payne, Oklahoma, US",81784
"Pittsburg, Oklahoma, US",43654
"Pontotoc, Oklahoma, US",38284
"Pottawatomie, Oklahoma, US",72592
"Pushmataha, Oklahoma, US",11096
"Roger Mills, Oklahoma, US",3583
"Rogers, Oklahoma, US",92459
"Seminole, Oklahoma, US",24258
"Sequoyah, Oklahoma, US",41569
"Stephens, Oklahoma, US",43143
"Texas, Oklahoma, US",19983
"Tillman, Oklahoma, US",7250
"Tulsa, Oklahoma, US",651552
"Wagoner, Oklahoma, US",81289
"Washington, Oklahoma, US",51527
"Washita, Oklahoma, US",10916
"Woods, Oklahoma, US",8793
"Woodward, Oklahoma, US",20211
"Baker, Oregon, US",16124
"Benton, Oregon, US",93053
"Clackamas, Oregon, US",418187
"Clatsop, Oregon, US",40224
"Columbia, Oregon, US",52354
"Coos, Oregon, US",64487
"Crook, Oregon, US",24404
"Curry, Oregon, US",22925
"Deschutes, Oregon, US",197692
"Douglas, Oregon, US",110980
"Gilliam, Oregon, US",1912
"Grant, Oregon, US",7199
"Harney, Oregon, US",7393
"Hood River, Oregon, US",23382
"Jackson, Oregon, US",220944
"Jefferson, Oregon, US",24658
"Josephine, Oregon, US",87487
"Klamath, Oregon, US",68238
"Lake, Oregon, US",7869
"Lane, Oregon, US",382067
"Lincoln, Oregon, US",49962
"Linn, Oregon, US",129749
"Malheur, Oregon, US",30571
"Marion, Oregon, US",347818
"Morrow, Oregon, US",11603
"Multnomah, Oregon, US",812855
"Polk, Oregon, US",86085
"Sherman, Oregon, US",1780
"Tillamook, Oregon, US",27036
"Umatilla, Oregon, US",77950
"Union, Oregon, US",26835
"Wallowa, Oregon, US",7208
"Wasco, Oregon, US",26682
"Washington, Oregon, US",601592
"Wheeler, Oregon, US",1332
"Yamhill, Oregon, US",107100
"Adams, Pennsylvania, US",103009
"Allegheny, Pennsylvania, US",1216045
"Armstrong, Pennsylvania, US",64735
"Beaver, Pennsylvania, US",163929
"Bedford, Pennsylvania, US",47888
"Berks, Pennsylvania, US",421164
"Blair, Pennsylvania, US",121829
"Bradford, Pennsylvania, US",60323
"Bucks, Pennsylvania, US",628270
"Butler, Pennsylvania, US",187853
"Cambria, Pennsylvania, US",130192
"Cameron, Pennsylvania, US",4447
"Carbon, Pennsylvania, US",64182
"Centre, Pennsylvania, US",162385
"Chester, Pennsylvania, US",524989
"Clarion, Pennsylvania, US",38438
"Clearfield, Pennsylvania, US",79255
"Clinton, Pennsylvania, US",38632
"Columbia, Pennsylvania, US",64964
"Crawford, Pennsylvania, US",84629
"Cumberland, Pennsylvania, US",253370
"Dauphin, Pennsylvania, US",278299
"Delaware, Pennsylvania, US",566747
"Elk, Pennsylvania, US",29910
"Erie, Pennsylvania, US",269728
"Fayette, Pennsylvania, US",129274
"Forest, Pennsylvania, US",7247
"Franklin, Pennsylvania, US",155027
"Fulton, Pennsylvania, US",14530
"Greene, Pennsylvania, US",36233
"Huntingdon, Pennsylvania, US",45144
"Indiana, Pennsylvania, US",84073
"Jefferson, Pennsylvania, US",43425
"Juniata, Pennsylvania, US",24763
"Lackawanna, Pennsylvania, US",209674
"Lancaster, Pennsylvania, US",545724
"Lawrence, Pennsylvania, US",85512
"Lebanon, Pennsylvania, US",141793
"Lehigh, Pennsylvania, US",369318
"Luzerne, Pennsylvania, US",317417
"Lycoming, Pennsylvania, US",113299
"McKean, Pennsylvania, US",40625
"Mercer, Pennsylvania, US",109424
"Mifflin, Pennsylvania, US",46138
"Monroe, Pennsylvania, US",170271
"Montgomery, Pennsylvania, US",830915
"Montour, Pennsylvania, US",18230
"Northampton, Pennsylvania, US",305285
"Northumberland, Pennsylvania, US",90843
"Perry, Pennsylvania, US",46272
"Philadelphia, Pennsylvania, US",1584064
"Pike, Pennsylvania, US",55809
"Potter, Pennsylvania, US",16526
"Schuylkill, Pennsylvania, US",141359
"Snyder, Pennsylvania, US",40372
"Somerset, Pennsylvania, US",73447
"Sullivan, Pennsylvania, US",6066
"Susquehanna, Pennsylvania, US",40328
"Tioga, Pennsylvania, US",40591
"Union, Pennsylvania, US",44923
"Venango, Pennsylvania, US",50668
"Warren, Pennsylvania, US",39191
"Washington, Pennsylvania, US",206865
"Wayne, Pennsylvania, US",51361
"Westmoreland, Pennsylvania, US",348899
"Wyoming, Pennsylvania, US",26794
"York, Pennsylvania, US",449058
"Bristol, Rhode Island, US",48479
"Kent, Rhode Island, US",164292
"Newport, Rhode Island, US",82082
"Providence, Rhode Island, US",638931
"Washington, Rhode Island, US",125577
"Abbeville, South Carolina, US",24527
"Aiken, South Carolina, US",170872
"Allendale, South Carolina, US",8688
"Anderson, South Carolina, US",202558
"Bamberg, South Carolina, US",14066
"Barnwell, South Carolina, US",20866
"Beaufort, South Carolina, US",192122
"Berkeley, South Carolina, US",227907
"Calhoun, South Carolina, US",14553
"Charleston, South Carolina, US",411406
"Cherokee, South Carolina, US",57300
"Chester, South Carolina, US",32244
"Chesterfield, South Carolina, US",45650
"Clarendon, South Carolina, US",33745
"Colleton, South Carolina, US",37677
"Darlington, South Carolina, US",66618
"Dillon, South Carolina, US",30479
"Dorchester, South Carolina, US",162809
"Edgefield, South Carolina, US",27260
"Fairfield, South Carolina, US",22347
"Florence, South Carolina, US",138293
"Georgetown, South Carolina, US",62680
"Greenville, South Carolina, US",523542
"Greenwood, South Carolina, US",70811
"Hampton, South Carolina, US",19222
"Horry, South Carolina, US",354081
"Jasper, South Carolina, US",30073
"Kershaw, South Carolina, US",66551
"Lancaster, South Carolina, US",98012
"Laurens, South Carolina, US",67493
"Lee, South Carolina, US",16828
"Lexington, South Carolina, US",298750
"McCormick, South Carolina, US",9463
"Marion, South Carolina, US",30657
"Marlboro, South Carolina, US",26118
"Newberry, South Carolina, US",38440
"Oconee, South Carolina, US",79546
"Orangeburg, South Carolina, US",86175
"Pickens, South Carolina, US",126884
"Richland, South Carolina, US",415759
"Saluda, South Carolina, US",20473
"Spartanburg, South Carolina, US",319785
"Sumter, South Carolina, US",106721
"Union, South Carolina, US",27316
"Williamsburg, South Carolina, US",30368
"York, South Carolina, US",280979
"Aurora, South Dakota, US",2751
"Beadle, South Dakota, US",18453
"Bennett, South Dakota, US",3365
"Bon Homme, South Dakota, US",6901
"Brookings, South Dakota, US",35077
"Brown, South Dakota, US",38839
"Brule, South Dakota, US",5297
"Buffalo, South Dakota, US",1962
"Butte, South Dakota, US",10429
"Campbell, South Dakota, US",1376
"Charles Mix, South Dakota, US",9292
"Clark, South Dakota, US",3736
"Clay, South Dakota, US",14070
"Codington, South Dakota, US",28009
"Corson, South Dakota, US",4086
"Custer, South Dakota, US",8972
"Davison, South Dakota, US",19775
"Day, South Dakota, US",5424
"Deuel, South Dakota, US",4351
"Dewey, South Dakota, US",5892
"Douglas, South Dakota, US",2921
"Edmunds, South Dakota, US",3829
"Fall River, South Dakota, US",6713
"Faulk, South Dakota, US",2299
"Grant, South Dakota, US",7052
"Gregory, South Dakota, US",4185
"Haakon, South Dakota, US",1899
"Hamlin, South Dakota, US",6164
"Hand, South Dakota, US",3191
"Hanson, South Dakota, US",3453
"Harding, South Dakota, US",1298
"Hughes, South Dakota, US",17526
"Hutchinson, South Dakota, US",7291
"Hyde, South Dakota, US",1301
"Jackson, South Dakota, US",3344
"Jerauld, South Dakota, US",2013
"Jones, South Dakota, US",903
"Kingsbury, South Dakota, US",4939
"Lake, South Dakota, US",12797
"Lawrence, South Dakota, US",25844
"Lincoln, South Dakota, US",61128
"Lyman, South Dakota, US",3781
"McCook, South Dakota, US",5586
"McPherson, South Dakota, US",2379
"Marshall, South Dakota, US",4935
"Meade, South Dakota, US",28332
"Mellette, South Dakota, US",2061
"Miner, South Dakota, US",2216
"Minnehaha, South Dakota, US",193134
"Moody, South Dakota, US",6576
"Oglala Lakota, South Dakota, US",14177
"Pennington, South Dakota, US",113775
"Perkins, South Dakota, US",2865
"Potter, South Dakota, US",2153
"Roberts, South Dakota, US",10394
"Sanborn, South Dakota, US",2344
"Spink, South Dakota, US",6376
"Stanley, South Dakota, US",3098
"Sully, South Dakota, US",1391
"Todd, South Dakota, US",10177
"Tripp, South Dakota, US",5441
"Turner, South Dakota, US",8384
"Union, South Dakota, US",15932
"Walworth, South Dakota, US",5435
"Yankton, South Dakota, US",22814
"Ziebach, South Dakota, US",2756
"Anderson, Tennessee, US",76978
"Bedford, Tennessee, US",49713
"Benton, Tennessee, US",16160
"Bledsoe, Tennessee, US",15064
"Blount, Tennessee, US",133088
"Bradley, Tennessee, US",108110
"Campbell, Tennessee, US",39842
"Cannon, Tennessee, US",14678
"Carroll, Tennessee, US",27767
"Carter, Tennessee, US",56391
"Cheatham, Tennessee, US",40667
"Chester, Tennessee, US",17297
"Claiborne, Tennessee, US",31959
"Clay, Tennessee, US",7615
"Cocke, Tennessee, US",36004
"Coffee, Tennessee, US",56520
"Crockett, Tennessee, US",14230
"Cumberland, Tennessee, US",60520
"Davidson, Tennessee, US",694144
"Decatur, Tennessee, US",11663
"DeKalb, Tennessee, US",20490
"Dickson, Tennessee, US",53948
"Dyer, Tennessee, US",37159
"Fayette, Tennessee, US",41133
"Fentress, Tennessee, US",18523
"Franklin, Tennessee, US",42208
"Gibson, Tennessee, US",49133
"Giles, Tennessee, US",29464
"Grainger, Tennessee, US",23320
"Greene, Tennessee, US",69069
"Grundy, Tennessee, US",13427
"Hamblen, Tennessee, US",64934
"Hamilton, Tennessee, US",367804
"Hancock, Tennessee, US",6620
"Hardeman, Tennessee, US",25050
"Hardin, Tennessee, US",25652
"Hawkins, Tennessee, US",56786
"Haywood, Tennessee, US",17304
"Henderson, Tennessee, US",28117
"Henry, Tennessee, US",32345
"Hickman, Tennessee, US",25178
"Houston, Tennessee, US",8201
"Humphreys, Tennessee, US",18582
"Jackson, Tennessee, US",11786
"Jefferson, Tennessee, US",54495
"Johnson, Tennessee, US",17788
"Knox, Tennessee, US",470313
"Lake, Tennessee, US",7016
"Lauderdale, Tennessee, US",25633
"Lawrence, Tennessee, US",44142
"Lewis, Tennessee, US",12268
"Lincoln, Tennessee, US",34366
"Loudon, Tennessee, US",54068
"McMinn, Tennessee, US",53794
"McNairy, Tennessee, US",25694
"Macon, Tennessee, US",24602
"Madison, Tennessee, US",97984
"Marion, Tennessee, US",28907
"Marshall, Tennessee, US",34375
"Maury, Tennessee, US",96387
"Meigs, Tennessee, US",12422
"Monroe, Tennessee, US",46545
"Montgomery, Tennessee, US",208993
"Moore, Tennessee, US",6488
"Morgan, Tennessee, US",21403
"Obion, Tennessee, US",30069
"Overton, Tennessee, US",22241
"Perry, Tennessee, US",8076
"Pickett, Tennessee, US",5048
"Polk, Tennessee, US",16832
"Putnam, Tennessee, US",80245
"Rhea, Tennessee, US",33167
"Roane, Tennessee, US",53382
"Robertson, Tennessee, US",71813
"Rutherford, Tennessee, US",332285
"Scott, Tennessee, US",22068
"Sequatchie, Tennessee, US",15026
"Sevier, Tennessee, US",98250
"Shelby, Tennessee, US",937166
"Smith, Tennessee, US",20157
"Stewart, Tennessee, US",13715
"Sullivan, Tennessee, US",158348
"Sumner, Tennessee, US",191283
"Tipton, Tennessee, US",61599
"Trousdale, Tennessee, US",11284
"Unicoi, Tennessee, US",17883
"Union, Tennessee, US",19972
"Van Buren, Tennessee, US",5872
"Warren, Tennessee, US",41277
"Washington, Tennessee, US",129375
"Wayne, Tennessee, US",16673
"Weakley, Tennessee, US",33328
"White, Tennessee, US",27345
"Williamson, Tennessee, US",238412
"Wilson, Tennessee, US",144657
"Anderson, Texas, US",57735
"Andrews, Texas, US",18705
"Angelina, Texas, US",86715
"Aransas, Texas, US",23510
"Archer, Texas, US",8553
"Armstrong, Texas, US",1887
"Atascosa, Texas, US",51153
"Austin, Texas, US",30032
"Bailey, Texas, US",7000
"Bandera, Texas, US",23112
"Bastrop, Texas, US",88723
"Baylor, Texas, US",3509
"Bee, Texas, US",32565
"Bell, Texas, US",362924
"Bexar, Texas, US",2003554
"Blanco, Texas, US",11931
"Borden, Texas, US",654
"Bosque, Texas, US",18685
"Bowie, Texas, US",93245
"Brazoria, Texas, US",374264
"Brazos, Texas, US",229211
"Brewster, Texas, US",9203
"Briscoe, Texas, US",1546
"Brooks, Texas, US",7093
"Brown, Texas, US",37864
"Burleson, Texas, US",18443
"Burnet, Texas, US",48155
"Caldwell, Texas, US",43664
"Calhoun, Texas, US",21290
"Callahan, Texas, US",13943
"Cameron, Texas, US",423163
"Camp, Texas, US",13094
"Carson, Texas, US",5926
"Cass, Texas, US",30026
"Castro, Texas, US",7530
"Chambers, Texas, US",43837
"Cherokee, Texas, US",52646
"Childress, Texas, US",7306
"Clay, Texas, US",10471
"Cochran, Texas, US",2853
"Coke, Texas, US",3387
"Coleman, Texas, US",8175
"Collin, Texas, US",1034730
"Collingsworth, Texas, US",2920
"Colorado, Texas, US",21493
"Comal, Texas, US",156209
"Comanche, Texas, US",13635
"Concho, Texas, US",2726
"Cooke, Texas, US",41257
"Coryell, Texas, US",75951
"Cottle, Texas, US",1398
"Crane, Texas, US",4797
"Crockett, Texas, US",3464
"Crosby, Texas, US",5737
"Culberson, Texas, US",2171
"Dallam, Texas, US",7287
"Dallas, Texas, US",2635516
"Dawson, Texas, US",12728
"Deaf Smith, Texas, US",18546
"Delta, Texas, US",5331
"Denton, Texas, US",887207
"DeWitt, Texas, US",20160
"Dickens, Texas, US",2211
"Dimmit, Texas, US",10124
"Donley, Texas, US",3278
"Duval, Texas, US",11157
"Eastland, Texas, US",18360
"Ector, Texas, US",166223
"Edwards, Texas, US",1932
"Ellis, Texas, US",184826
"El Paso, Texas, US",839238
"Erath, Texas, US",42698
"Falls, Texas, US",17297
"Fannin, Texas, US",35514
"Fayette, Texas, US",25346
"Fisher, Texas, US",3830
"Floyd, Texas, US",5712
"Foard, Texas, US",1155
"Fort Bend, Texas, US",811688
"Franklin, Texas, US",10725
"Freestone, Texas, US",19717
"Frio, Texas, US",20306
"Gaines, Texas, US",21492
"Galveston, Texas, US",342139
"Garza, Texas, US",6229
"Gillespie, Texas, US",26988
"Glasscock, Texas, US",1409
"Goliad, Texas, US",7658
"Gonzales, Texas, US",20837
"Gray, Texas, US",21886
"Grayson, Texas, US",136212
"Gregg, Texas, US",123945
"Grimes, Texas, US",28880
"Guadalupe, Texas, US",166847
"Hale, Texas, US",33406
"Hall, Texas, US",2964
"Hamilton, Texas, US",8461
"Hansford, Texas, US",5399
"Hardeman, Texas, US",3933
"Hardin, Texas, US",57602
"Harris, Texas, US",4713325
"Harrison, Texas, US",66553
"Hartley, Texas, US",5576
"Haskell, Texas, US",5658
"Hays, Texas, US",230191
"Hemphill, Texas, US",3819
"Henderson, Texas, US",82737
"Hidalgo, Texas, US",868707
"Hill, Texas, US",36649
"Hockley, Texas, US",23021
"Hood, Texas, US",61643
"Hopkins, Texas, US",37084
"Houston, Texas, US",22968
"Howard, Texas, US",36664
"Hudspeth, Texas, US",4886
"Hunt, Texas, US",98594
"Hutchinson, Texas, US",20938
"Irion, Texas, US",1536
"Jack, Texas, US",8935
"Jackson, Texas, US",14760
"Jasper, Texas, US",35529
"Jeff Davis, Texas, US",2274
"Jefferson, Texas, US",251565
"Jim Hogg, Texas, US",5200
"Jim Wells, Texas, US",40482
"Johnson, Texas, US",175817
"Jones, Texas, US",20083
"Karnes, Texas, US",15601
"Kaufman, Texas, US",136154
"Kendall, Texas, US",47431
"Kenedy, Texas, US",404
"Kent, Texas, US",762
"Kerr, Texas, US",52600
"Kimble, Texas, US",4337
"King, Texas, US",272
"Kinney, Texas, US",3667
"Kleberg, Texas, US",30680
"Knox, Texas, US",3664
"Lamar, Texas, US",49859
"Lamb, Texas, US",12893
"Lampasas, Texas, US",21428
"La Salle, Texas, US",7520
"Lavaca, Texas, US",20154
"Lee, Texas, US",17239
"Leon, Texas, US",17404
"Liberty, Texas, US",88219
"Limestone, Texas, US",23437
"Lipscomb, Texas, US",3233
"Live Oak, Texas, US",12207
"Llano, Texas, US",21795
"Loving, Texas, US",169
"Lubbock, Texas, US",310569
"Lynn, Texas, US",5951
"McCulloch, Texas, US",7984
"McLennan, Texas, US",256623
"McMullen, Texas, US",743
"Madison, Texas, US",14284
"Marion, Texas, US",9854
"Martin, Texas, US",5771
"Mason, Texas, US",4274
"Matagorda, Texas, US",36643
"Maverick, Texas, US",58722
"Medina, Texas, US",51584
"Menard, Texas, US",2138
"Midland, Texas, US",176832
"Milam, Texas, US",24823
"Mills, Texas, US",4873
"Mitchell, Texas, US",8545
"Montague, Texas, US",19818
"Montgomery, Texas, US",607391
"Moore, Texas, US",20940
"Morris, Texas, US",12388
"Motley, Texas, US",1200
"Nacogdoches, Texas, US",65204
"Navarro, Texas, US",50113
"Newton, Texas, US",13595
"Nolan, Texas, US",14714
"Nueces, Texas, US",362294
"Ochiltree, Texas, US",9836
"Oldham, Texas, US",2112
"Orange, Texas, US",83396
"Palo Pinto, Texas, US",29189
"Panola, Texas, US",23194
"Parker, Texas, US",142878
"Parmer, Texas, US",9605
"Pecos, Texas, US",15823
"Polk, Texas, US",51353
"Potter, Texas, US",117415
"Presidio, Texas, US",6704
"Rains, Texas, US",12514
"Randall, Texas, US",137713
"Reagan, Texas, US",3849
"Real, Texas, US",3452
"Red River, Texas, US",12023
"Reeves, Texas, US",15976
"Refugio, Texas, US",6948
"Roberts, Texas, US",854
"Robertson, Texas, US",17074
"Rockwall, Texas, US",104915
"Runnels, Texas, US",10264
"Rusk, Texas, US",54406
"Sabine, Texas, US",10542
"San Augustine, Texas, US",8237
"San Jacinto, Texas, US",28859
"San Patricio, Texas, US",66730
"San Saba, Texas, US",6055
"Schleicher, Texas, US",2793
"Scurry, Texas, US",16703
"Shackelford, Texas, US",3265
"Shelby, Texas, US",25274
"Sherman, Texas, US",3022
"Smith, Texas, US",232751
"Somervell, Texas, US",9128
"Starr, Texas, US",64633
"Stephens, Texas, US",9366
"Sterling, Texas, US",1291
"Stonewall, Texas, US",1350
"Sutton, Texas, US",3776
"Swisher, Texas, US",7397
"Tarrant, Texas, US",2102515
"Taylor, Texas, US",138034
"Terrell, Texas, US",776
"Terry, Texas, US",12337
"Throckmorton, Texas, US",1501
"Titus, Texas, US",32750
"Tom Green, Texas, US",119200
"Travis, Texas, US",1273954
"Trinity, Texas, US",14651
"Tyler, Texas, US",21672
"Upshur, Texas, US",41753
"Upton, Texas, US",3657
"Uvalde, Texas, US",26741
"Val Verde, Texas, US",49025
"Van Zandt, Texas, US",56590
"Victoria, Texas, US",92084
"Walker, Texas, US",72971
"Waller, Texas, US",55246
"Ward, Texas, US",11998
"Washington, Texas, US",35882
"Webb, Texas, US",276652
"Wharton, Texas, US",41556
"Wheeler, Texas, US",5056
"Wichita, Texas, US",132230
"Wilbarger, Texas, US",12769
"Willacy, Texas, US",21358
"Williamson, Texas, US",590551
"Wilson, Texas, US",51070
"Winkler, Texas, US",8010
"Wise, Texas, US",69984
"Wood, Texas, US",45539
"Yoakum, Texas, US",8713
"Young, Texas, US",18010
"Zapata, Texas, US",14179
"Zavala, Texas, US",11840
"Beaver, Utah, US",6710
"Box Elder, Utah, US",56046
"Cache, Utah, US",128289
"Carbon, Utah, US",20463
"Daggett, Utah, US",950
"Davis, Utah, US",355481
"Duchesne, Utah, US",19938
"Emery, Utah, US",10012
"Garfield, Utah, US",5051
"Grand, Utah, US",9754
"Iron, Utah, US",54839
"Juab, Utah, US",12017
"Kane, Utah, US",7886
"Millard, Utah, US",13188
"Piute, Utah, US",1479
"Rich, Utah, US",2483
"Salt Lake, Utah, US",1160437
"San Juan, Utah, US",15308
"Sanpete, Utah, US",30939
"Sevier, Utah, US",21620
"Summit, Utah, US",42145
"Tooele, Utah, US",72259
"Uintah, Utah, US",35734
"Utah, Utah, US",636235
"Wasatch, Utah, US",34091
"Washington, Utah, US",177556
"Wayne, Utah, US",2711
"Weber-Morgan, Utah, US",272337
"Addison, Vermont, US",36777
"Bennington, Vermont, US",35470
"Caledonia, Vermont, US",29993
"Chittenden, Vermont, US",163774
"Essex, Vermont, US",6163
"Franklin, Vermont, US",49402
"Grand Isle, Vermont, US",7235
"Lamoille, Vermont, US",25362
"Orange, Vermont, US",28892
"Orleans, Vermont, US",27037
"Rutland, Vermont, US",58191
"Washington, Vermont, US",58409
"Windham, Vermont, US",42222
"Windsor, Vermont, US",55062
"Accomack, Virginia, US",32316
"Albemarle, Virginia, US",109330
"Alleghany, Virginia, US",14860
"Amelia, Virginia, US",13145
"Amherst, Virginia, US",31605
"Appomattox, Virginia, US",15911
"Arlington, Virginia, US",236842
"Augusta, Virginia, US",75558
"Bath, Virginia, US",4147
"Bedford, Virginia, US",78997
"Bland, Virginia, US",6280
"Botetourt, Virginia, US",33419
"Brunswick, Virginia, US",16231
"Buchanan, Virginia, US",21004
"Buckingham, Virginia, US",17148
"Campbell, Virginia, US",54885
"Caroline, Virginia, US",30725
"Carroll, Virginia, US",29791
"Charles City, Virginia, US",6963
"Charlotte, Virginia, US",11880
"Chesterfield, Virginia, US",352802
"Clarke, Virginia, US",14619
"Craig, Virginia, US",5131
"Culpeper, Virginia, US",52605
"Cumberland, Virginia, US",9932
"Dickenson, Virginia, US",14318
"Dinwiddie, Virginia, US",28544
"Essex, Virginia, US",10953
"Fairfax, Virginia, US",1147532
"Fauquier, Virginia, US",71222
"Floyd, Virginia, US",15749
"Fluvanna, Virginia, US",27270
"Franklin, Virginia, US",56042
"Frederick, Virginia, US",89313
"Giles, Virginia, US",16720
"Gloucester, Virginia, US",37348
"Goochland, Virginia, US",23753
"Grayson, Virginia, US",15550
"Greene, Virginia, US",19819
"Greensville, Virginia, US",11336
"Halifax, Virginia, US",33911
"Hanover, Virginia, US",107766
"Henrico, Virginia, US",330818
"Henry, Virginia, US",50557
"Highland, Virginia, US",2190
"Isle of Wight, Virginia, US",37109
"James City, Virginia, US",76523
"King and Queen, Virginia, US",7025
"King George, Virginia, US",26836
"King William, Virginia, US",17148
"Lancaster, Virginia, US",10603
"Lee, Virginia, US",23423
"Loudoun, Virginia, US",413538
"Louisa, Virginia, US",37591
"Lunenburg, Virginia, US",12196
"Madison, Virginia, US",13261
"Mathews, Virginia, US",8834
"Mecklenburg, Virginia, US",30587
"Middlesex, Virginia, US",10582
"Montgomery, Virginia, US",98535
"Nelson, Virginia, US",14930
"New Kent, Virginia, US",23091
"Northampton, Virginia, US",11710
"Northumberland, Virginia, US",12095
"Nottoway, Virginia, US",15232
"Orange, Virginia, US",37051
"Page, Virginia, US",23902
"Patrick, Virginia, US",17608
"Pittsylvania, Virginia, US",60354
"Powhatan, Virginia, US",29652
"Prince Edward, Virginia, US",22802
"Prince George, Virginia, US",38353
"Prince William, Virginia, US",470335
"Pulaski, Virginia, US",34027
"Rappahannock, Virginia, US",7370
"Richmond City, Virginia, US",9023
"Roanoke City, Virginia, US",94186
"Rockbridge, Virginia, US",22573
"Rockingham, Virginia, US",81948
"Russell, Virginia, US",26586
"Scott, Virginia, US",21566
"Shenandoah, Virginia, US",43616
"Smyth, Virginia, US",30104
"Southampton, Virginia, US",17631
"Spotsylvania, Virginia, US",136215
"Stafford, Virginia, US",152882
"Surry, Virginia, US",6422
"Sussex, Virginia, US",11159
"Tazewell, Virginia, US",40595
"Warren, Virginia, US",40164
"Washington, Virginia, US",53740
"Westmoreland, Virginia, US",18015
"Wise, Virginia, US",37383
"Wythe, Virginia, US",28684
"York, Virginia, US",68280
"Alexandria, Virginia, US",159428
"Bristol, Virginia, US",16762
"Buena Vista, Virginia, US",6478
"Charlottesville, Virginia, US",47266
"Chesapeake, Virginia, US",244835
"Colonial Heights, Virginia, US",17370
"Covington, Virginia, US",5538
"Danville, Virginia, US",40044
"Emporia, Virginia, US",5346
"Fairfax City, Virginia, US",24019
"Falls Church, Virginia, US",14617
"Franklin City, Virginia, US",7967
"Fredericksburg, Virginia, US",29036
"Galax, Virginia, US",6347
"Hampton, Virginia, US",134510
"Harrisonburg, Virginia, US",53016
"Hopewell, Virginia, US",22529
"Lexington, Virginia, US",7446
"Lynchburg, Virginia, US",82168
"Manassas, Virginia, US",41085
"Manassas Park, Virginia, US",17478
"Martinsville, Virginia, US",12554
"Newport News, Virginia, US",179225
"Norfolk, Virginia, US",242742
"Norton, Virginia, US",3981
"Petersburg, Virginia, US",31346
"Poquoson, Virginia, US",12271
"Portsmouth, Virginia, US",94398
"Radford, Virginia, US",18249
"Richmond, Virginia, US",230436
"Roanoke, Virginia, US",99143
"Salem, Virginia, US",25301
"Staunton, Virginia, US",24932
"Suffolk, Virginia, US",92108
"Virginia Beach, Virginia, US",449974
"Waynesboro, Virginia, US",22630
"Williamsburg, Virginia, US",14954
"Winchester, Virginia, US",28078
"Adams, Washington, US",19983
"Asotin, Washington, US",22582
"Benton, Washington, US",204390
"Chelan, Washington, US",77200
"Clallam, Washington, US",77331
"Clark, Washington, US",488241
"Columbia, Washington, US",3985
"Cowlitz, Washington, US",110593
"Douglas, Washington, US",43429
"Ferry, Washington, US",7627
"Franklin, Washington, US",95222
"Garfield, Washington, US",2225
"Grant, Washington, US",97733
"Grays Harbor, Washington, US",75061
"Island, Washington, US",85141
"Jefferson, Washington, US",32221
"King, Washington, US",2252782
"Kitsap, Washington, US",271473
"Kittitas, Washington, US",47935
"Klickitat, Washington, US",22425
"Lewis, Washington, US",80707
"Lincoln, Washington, US",10939
"Mason, Washington, US",66768
"Okanogan, Washington, US",42243
"Pacific, Washington, US",22471
"Pend Oreille, Washington, US",13724
"Pierce, Washington, US",904980
"San Juan, Washington, US",17582
"Skagit, Washington, US",129205
"Skamania, Washington, US",12083
"Snohomish, Washington, US",822083
"Spokane, Washington, US",522798
"Stevens, Washington, US",45723
"Thurston, Washington, US",290536
"Wahkiakum, Washington, US",4488
"Walla Walla, Washington, US",60760
"Whatcom, Washington, US",229247
"Whitman, Washington, US",50104
"Yakima, Washington, US",250873
"Barbour, West Virginia, US",16441
"Berkeley, West Virginia, US",119171
"Boone, West Virginia, US",21457
"Braxton, West Virginia, US",13957
"Brooke, West Virginia, US",21939
"Cabell, West Virginia, US",91945
"Calhoun, West Virginia, US",7109
"Clay, West Virginia, US",8508
"Doddridge, West Virginia, US",8448
"Fayette, West Virginia, US",42406
"Gilmer, West Virginia, US",7823
"Grant, West Virginia, US",11568
"Greenbrier, West Virginia, US",34662
"Hampshire, West Virginia, US",23175
"Hancock, West Virginia, US",28810
"Hardy, West Virginia, US",13776
"Harrison, West Virginia, US",67256
"Jackson, West Virginia, US",28576
"Jefferson, West Virginia, US",57146
"Kanawha, West Virginia, US",178124
"Lewis, West Virginia, US",15907
"Lincoln, West Virginia, US",20409
"Logan, West Virginia, US",32019
"McDowell, West Virginia, US",17624
"Marion, West Virginia, US",56072
"Marshall, West Virginia, US",30531
"Mason, West Virginia, US",26516
"Mercer, West Virginia, US",58758
"Mineral, West Virginia, US",26868
"Mingo, West Virginia, US",23424
"Monongalia, West Virginia, US",105612
"Monroe, West Virginia, US",13275
"Morgan, West Virginia, US",17884
"Nicholas, West Virginia, US",24496
"Ohio, West Virginia, US",41411
"Pendleton, West Virginia, US",6969
"Pleasants, West Virginia, US",7460
"Pocahontas, West Virginia, US",8247
"Preston, West Virginia, US",33432
"Putnam, West Virginia, US",56450
"Raleigh, West Virginia, US",73361
"Randolph, West Virginia, US",28695
"Ritchie, West Virginia, US",9554
"Roane, West Virginia, US",13688
"Summers, West Virginia, US",12573
"Taylor, West Virginia, US",16695
"Tucker, West Virginia, US",6839
"Tyler, West Virginia, US",8591
"Upshur, West Virginia, US",24176
"Wayne, West Virginia, US",39402
"Webster, West Virginia, US",8114
"Wetzel, West Virginia, US",15065
"Wirt, West Virginia, US",5821
"Wood, West Virginia, US",83518
"Wyoming, West Virginia, US",20394
"Adams, Wisconsin, US",20220
"Ashland, Wisconsin, US",15562
"Barron, Wisconsin, US",45244
"Bayfield, Wisconsin, US",15036
"Brown, Wisconsin, US",264542
"Buffalo, Wisconsin, US",13031
"Burnett, Wisconsin, US",15414
"Calumet, Wisconsin, US",50089
"Chippewa, Wisconsin, US",64658
"Clark, Wisconsin, US",34774
"Columbia, Wisconsin, US",57532
"Crawford, Wisconsin, US",16131
"Dane, Wisconsin, US",546695
"Dodge, Wisconsin, US",87839
"Door, Wisconsin, US",27668
"Douglas, Wisconsin, US",43150
"Dunn, Wisconsin, US",45368
"Eau Claire, Wisconsin, US",104646
"Florence, Wisconsin, US",4295
"Fond du Lac, Wisconsin, US",103403
"Forest, Wisconsin, US",9004
"Grant, Wisconsin, US",51439
"Green, Wisconsin, US",36960
"Green Lake, Wisconsin, US",18913
"Iowa, Wisconsin, US",23678
"Iron, Wisconsin, US",5687
"Jackson, Wisconsin, US",20643
"Jefferson, Wisconsin, US",84769
"Juneau, Wisconsin, US",26687
"Kenosha, Wisconsin, US",169561
"Kewaunee, Wisconsin, US",20434
"La Crosse, Wisconsin, US",118016
"Lafayette, Wisconsin, US",16665
"Langlade, Wisconsin, US",19189
"Lincoln, Wisconsin, US",27593
"Manitowoc, Wisconsin, US",78981
"Marathon, Wisconsin, US",135692
"Marinette, Wisconsin, US",40350
"Marquette, Wisconsin, US",15574
"Menominee, Wisconsin, US",4556
"Milwaukee, Wisconsin, US",945726
"Monroe, Wisconsin, US",46253
"Oconto, Wisconsin, US",37930
"Oneida, Wisconsin, US",35595
"Outagamie, Wisconsin, US",187885
"Ozaukee, Wisconsin, US",89221
"Pepin, Wisconsin, US",7287
"Pierce, Wisconsin, US",42754
"Polk, Wisconsin, US",43783
"Portage, Wisconsin, US",70772
"Price, Wisconsin, US",13351
"Racine, Wisconsin, US",196311
"Richland, Wisconsin, US",17252
"Rock, Wisconsin, US",163354
"Rusk, Wisconsin, US",14178
"St. Croix, Wisconsin, US",90687
"Sauk, Wisconsin, US",64442
"Sawyer, Wisconsin, US",16558
"Shawano, Wisconsin, US",40899
"Sheboygan, Wisconsin, US",115340
"Taylor, Wisconsin, US",20343
"Trempealeau, Wisconsin, US",29649
"Vernon, Wisconsin, US",30822
"Vilas, Wisconsin, US",22195
"Walworth, Wisconsin, US",103868
"Washburn, Wisconsin, US",15720
"Washington, Wisconsin, US",136034
"Waukesha, Wisconsin, US",404198
"Waupaca, Wisconsin, US",50990
"Waushara, Wisconsin, US",24443
"Winnebago, Wisconsin, US",171907
"Wood, Wisconsin, US",72999
"Albany, Wyoming, US",38880
"Big Horn, Wyoming, US",11790
"Campbell, Wyoming, US",46341
"Carbon, Wyoming, US",14800
"Converse, Wyoming, US",13822
"Crook, Wyoming, US",7584
"Fremont, Wyoming, US",39261
"Goshen, Wyoming, US",13211
"Hot Springs, Wyoming, US",4413
"Johnson, Wyoming, US",8445
"Laramie, Wyoming, US",99500
"Lincoln, Wyoming, US",19830
"Natrona, Wyoming, US",79858
"Niobrara, Wyoming, US",2356
"Park, Wyoming, US",29194
"Platte, Wyoming, US",8393
"Sheridan, Wyoming, US",30485
"Sublette, Wyoming, US",9831
"Sweetwater, Wyoming, US",42343
"Teton, Wyoming, US",23464
"Uinta, Wyoming, US",20226
"Washakie, Wyoming, US",7805
"Weston, Wyoming, US",6927
"Kansas City, Missouri, US",495327
"District of Columbia, District of Columbia, US",705749
